cod;UF;populacao
1100015;RO;22516
1100023;RO;111148
1100031;RO;5067
1100049;RO;86416
1100056;RO;16088
1100064;RO;15213
1100072;RO;7052
1100080;RO;19255
1100098;RO;33009
1100106;RO;46930
1100114;RO;51469
1100122;RO;131026
1100130;RO;41724
1100148;RO;20504
1100155;RO;35445
1100189;RO;37098
1100205;RO;548952
1100254;RO;18165
1100262;RO;3843
1100288;RO;55748
1100296;RO;5942
1100304;RO;104517
1100320;RO;23147
1100338;RO;32184
1100346;RO;13807
1100379;RO;13268
1100403;RO;22258
1100452;RO;41043
1100502;RO;8125
1100601;RO;6307
1100700;RO;14391
1100809;RO;28068
1100908;RO;2923
1100924;RO;11755
1100940;RO;27131
1101005;RO;7130
1101104;RO;10819
1101203;RO;9461
1101302;RO;10691
1101401;RO;16158
1101435;RO;6822
1101450;RO;6319
1101468;RO;2127
1101476;RO;2697
1101484;RO;4962
1101492;RO;21088
1101500;RO;11846
1101559;RO;4160
1101609;RO;10348
1101708;RO;11081
1101757;RO;11545
1101807;RO;6490
1200013;AC;15721
1200054;AC;7649
1200104;AC;27123
1200138;AC;10572
1200179;AC;12280
1200203;AC;89760
1200252;AC;18979
1200302;AC;34986
1200328;AC;8628
1200336;AC;19643
1200344;AC;9701
1200351;AC;19727
1200385;AC;20147
1200393;AC;12497
1200401;AC;419452
1200427;AC;19767
1200435;AC;6893
1200450;AC;23446
1200500;AC;47168
1200609;AC;43730
1200708;AC;19866
1200807;AC;19141
1300029;AM;16396
1300060;AM;11934
1300086;AM;14292
1300102;AM;21937
1300144;AM;22739
1300201;AM;20868
1300300;AM;41005
1300409;AM;27772
1300508;AM;32919
1300607;AM;44873
1300631;AM;20503
1300680;AM;20040
1300706;AM;34958
1300805;AM;42328
1300839;AM;13482
1300904;AM;15981
1301001;AM;28719
1301100;AM;38820
1301159;AM;31459
1301209;AM;86713
1301308;AM;29691
1301407;AM;36121
1301506;AM;20748
1301605;AM;16409
1301654;AM;17193
1301704;AM;57195
1301803;AM;31172
1301852;AM;49718
1301902;AM;104046
1301951;AM;7777
1302009;AM;9312
1302108;AM;1755
1302207;AM;15495
1302306;AM;13462
1302405;AM;47685
1302504;AM;99613
1302553;AM;33981
1302603;AM;2255903
1302702;AM;57405
1302801;AM;18298
1302900;AM;66159
1303007;AM;21710
1303106;AM;38665
1303205;AM;20395
1303304;AM;26443
1303403;AM;116439
1303502;AM;19616
1303536;AM;38095
1303569;AM;34856
1303601;AM;26566
1303700;AM;20889
1303809;AM;47031
1303908;AM;40837
1303957;AM;14678
1304005;AM;9289
1304062;AM;68502
1304104;AM;16876
1304203;AM;59250
1304237;AM;19038
1304260;AM;13839
1304302;AM;16007
1304401;AM;24098
1400027;RR;13561
1400050;RR;15249
1400100;RR;436591
1400159;RR;12701
1400175;RR;19257
1400209;RR;22635
1400233;RR;10595
1400282;RR;12637
1400308;RR;18482
1400407;RR;11772
1400456;RR;20108
1400472;RR;31387
1400506;RR;8492
1400605;RR;8232
1400704;RR;11014
1500107;PA;160439
1500131;PA;7536
1500206;PA;55744
1500305;PA;39910
1500347;PA;27797
1500404;PA;57390
1500503;PA;34044
1500602;PA;117320
1500701;PA;30091
1500800;PA;540410
1500859;PA;29312
1500909;PA;46937
1500958;PA;32200
1501006;PA;16421
1501105;PA;31967
1501204;PA;49454
1501253;PA;3239
1501303;PA;129333
1501402;PA;1506420
1501451;PA;17944
1501501;PA;64780
1501576;PA;17254
1501600;PA;16769
1501709;PA;130122
1501725;PA;14883
1501758;PA;7357
1501782;PA;68597
1501808;PA;104280
1501907;PA;29717
1501956;PA;35307
1502004;PA;24355
1502103;PA;140814
1502152;PA;39103
1502202;PA;69828
1502301;PA;54545
1502400;PA;205667
1502509;PA;24175
1502608;PA;12175
1502707;PA;48115
1502756;PA;34236
1502764;PA;14044
1502772;PA;17764
1502806;PA;35530
1502855;PA;14776
1502905;PA;41093
1502939;PA;61206
1502954;PA;34069
1503002;PA;6949
1503044;PA;20742
1503077;PA;26155
1503093;PA;41678
1503101;PA;34127
1503200;PA;39234
1503309;PA;63367
1503408;PA;12009
1503457;PA;67170
1503507;PA;32639
1503606;PA;101541
1503705;PA;53439
1503754;PA;6952
1503804;PA;60517
1503903;PA;59961
1504000;PA;29623
1504059;PA;30389
1504109;PA;8598
1504208;PA;287664
1504307;PA;29559
1504406;PA;28563
1504422;PA;135812
1504455;PA;32347
1504505;PA;28121
1504604;PA;31917
1504703;PA;84251
1504752;PA;16282
1504802;PA;58289
1504901;PA;41454
1504950;PA;21519
1504976;PA;17027
1505007;PA;15646
1505031;PA;25769
1505064;PA;78488
1505106;PA;52473
1505205;PA;33182
1505304;PA;74921
1505403;PA;18079
1505437;PA;33831
1505486;PA;49110
1505494;PA;7575
1505502;PA;115838
1505536;PA;218787
1505551;PA;5339
1505601;PA;8084
1505635;PA;12976
1505650;PA;32325
1505700;PA;32007
1505809;PA;63831
1505908;PA;42456
1506005;PA;29827
1506104;PA;10889
1506112;PA;13794
1506138;PA;86326
1506161;PA;18208
1506187;PA;53242
1506195;PA;52473
1506203;PA;41164
1506302;PA;24392
1506351;PA;21811
1506401;PA;10496
1506500;PA;72856
1506559;PA;19839
1506583;PA;22244
1506609;PA;25127
1506708;PA;75995
1506807;PA;308339
1506906;PA;6796
1507003;PA;32346
1507102;PA;18207
1507151;PA;25945
1507201;PA;32285
1507300;PA;135732
1507409;PA;15978
1507458;PA;24566
1507466;PA;6294
1507474;PA;23440
1507508;PA;14105
1507607;PA;60268
1507706;PA;27302
1507755;PA;6088
1507805;PA;11305
1507904;PA;25752
1507953;PA;111554
1507961;PA;11971
1507979;PA;19063
1508001;PA;64604
1508035;PA;31549
1508050;PA;19344
1508084;PA;40661
1508100;PA;116605
1508126;PA;62286
1508159;PA;45395
1508209;PA;54650
1508308;PA;62093
1508357;PA;15421
1508407;PA;45416
1600055;AP;5577
1600105;AP;9265
1600154;AP;17625
1600204;AP;11493
1600212;AP;6217
1600238;AP;8151
1600253;AP;5730
1600279;AP;52302
1600303;AP;522357
1600402;AP;22468
1600501;AP;28534
1600535;AP;22927
1600550;AP;5370
1600600;AP;124808
1600709;AP;18217
1600808;AP;16572
1700251;TO;2609
1700301;TO;7049
1700350;TO;5303
1700400;TO;6905
1700707;TO;8381
1701002;TO;9435
1701051;TO;3475
1701101;TO;4901
1701309;TO;5705
1701903;TO;7223
1702000;TO;8418
1702109;TO;186245
1702158;TO;5856
1702208;TO;36573
1702307;TO;6590
1702406;TO;10502
1702554;TO;18870
1702703;TO;3809
1702901;TO;9817
1703008;TO;10668
1703057;TO;3631
1703073;TO;4673
1703107;TO;5669
1703206;TO;4439
1703305;TO;5120
1703602;TO;2221
1703701;TO;5540
1703800;TO;11644
1703826;TO;2293
1703842;TO;10505
1703867;TO;4499
1703883;TO;2627
1703891;TO;4165
1703909;TO;5514
1704105;TO;2966
1704600;TO;1415
1705102;TO;3330
1705508;TO;36271
1705557;TO;4870
1705607;TO;4070
1706001;TO;5690
1706100;TO;7268
1706258;TO;1749
1706506;TO;6250
1707009;TO;22704
1707108;TO;6986
1707207;TO;7173
1707306;TO;4686
1707405;TO;11280
1707553;TO;3824
1707652;TO;5222
1707702;TO;8892
1708205;TO;18358
1708254;TO;2615
1708304;TO;5136
1709005;TO;13169
1709302;TO;26403
1709500;TO;88428
1709807;TO;2088
1710508;TO;7471
1710706;TO;5801
1710904;TO;3814
1711100;TO;2412
1711506;TO;3906
1711803;TO;2174
1711902;TO;13989
1711951;TO;4470
1712009;TO;3199
1712157;TO;1984
1712405;TO;3727
1712454;TO;3200
1712504;TO;5332
1712702;TO;2773
1712801;TO;3470
1713205;TO;17628
1713304;TO;13551
1713601;TO;8182
1713700;TO;2311
1713809;TO;6830
1713957;TO;3623
1714203;TO;9256
1714302;TO;3772
1714880;TO;12014
1715002;TO;4348
1715101;TO;4450
1715150;TO;2332
1715259;TO;2768
1715507;TO;1124
1715705;TO;6234
1715754;TO;7694
1716109;TO;52521
1716208;TO;10426
1716307;TO;4885
1716505;TO;13964
1716604;TO;11996
1716653;TO;5546
1716703;TO;8078
1717008;TO;4414
1717206;TO;3038
1717503;TO;7830
1717800;TO;4586
1717909;TO;8192
1718006;TO;3200
1718204;TO;53618
1718303;TO;8563
1718402;TO;3668
1718451;TO;2746
1718501;TO;4389
1718550;TO;4723
1718659;TO;2211
1718709;TO;2879
1718758;TO;6498
1718808;TO;4876
1718840;TO;3371
1718865;TO;7678
1718881;TO;3537
1718899;TO;2407
1718907;TO;4864
1719004;TO;2928
1720002;TO;2530
1720101;TO;5457
1720150;TO;1610
1720200;TO;12445
1720259;TO;3106
1720309;TO;4898
1720499;TO;3848
1720655;TO;5452
1720804;TO;8965
1720853;TO;2007
1720903;TO;16966
1720937;TO;2183
1720978;TO;2831
1721000;TO;313349
1721109;TO;7688
1721208;TO;22820
1721257;TO;1952
1721307;TO;2785
1722081;TO;11783
1722107;TO;11500
2100055;MA;113783
2100105;MA;6631
2100154;MA;12731
2100204;MA;22126
2100303;MA;26979
2100402;MA;8250
2100436;MA;28066
2100477;MA;31967
2100501;MA;11233
2100550;MA;7047
2100600;MA;42017
2100709;MA;27170
2100808;MA;16054
2100832;MA;17582
2100873;MA;15675
2100907;MA;47095
2100956;MA;32825
2101004;MA;30014
2101103;MA;12234
2101202;MA;105094
2101251;MA;17446
2101301;MA;18726
2101350;MA;5696
2101400;MA;96951
2101509;MA;19026
2101608;MA;88895
2101707;MA;63891
2101731;MA;7586
2101772;MA;11347
2101806;MA;5643
2101905;MA;21317
2101939;MA;6102
2101970;MA;8494
2102002;MA;42010
2102036;MA;35095
2102077;MA;16578
2102101;MA;36900
2102150;MA;8841
2102200;MA;28916
2102309;MA;23993
2102325;MA;73595
2102358;MA;15503
2102374;MA;9524
2102408;MA;11255
2102507;MA;19521
2102556;MA;14530
2102606;MA;20376
2102705;MA;22236
2102754;MA;10937
2102804;MA;24151
2102903;MA;24095
2103000;MA;166159
2103109;MA;10711
2103125;MA;8806
2103158;MA;13876
2103174;MA;22056
2103208;MA;80705
2103257;MA;14855
2103307;MA;123368
2103406;MA;49804
2103505;MA;41443
2103554;MA;16559
2103604;MA;65788
2103703;MA;32559
2103752;MA;12923
2103802;MA;23393
2103901;MA;11451
2104008;MA;16971
2104057;MA;43097
2104073;MA;8506
2104081;MA;10559
2104099;MA;19425
2104107;MA;12662
2104206;MA;17812
2104305;MA;12104
2104404;MA;17953
2104503;MA;10931
2104552;MA;18740
2104602;MA;14703
2104628;MA;7878
2104651;MA;10121
2104677;MA;25502
2104701;MA;6261
2104800;MA;70692
2104909;MA;11966
2105005;MA;29143
2105104;MA;27423
2105153;MA;14470
2105203;MA;11453
2105302;MA;259980
2105351;MA;16158
2105401;MA;69233
2105427;MA;26134
2105450;MA;10464
2105476;MA;17123
2105500;MA;23677
2105609;MA;16228
2105658;MA;4334
2105708;MA;50959
2105807;MA;10900
2105906;MA;16369
2105922;MA;11280
2105948;MA;8841
2105963;MA;11534
2105989;MA;7653
2106003;MA;11943
2106102;MA;12271
2106201;MA;7016
2106300;MA;20228
2106326;MA;21773
2106359;MA;7757
2106375;MA;16754
2106409;MA;17122
2106508;MA;23591
2106607;MA;34099
2106631;MA;17316
2106672;MA;8502
2106706;MA;21045
2106755;MA;29121
2106805;MA;15059
2106904;MA;33888
2107001;MA;9064
2107100;MA;19708
2107209;MA;14826
2107258;MA;5469
2107308;MA;4682
2107357;MA;21228
2107407;MA;19616
2107456;MA;14968
2107506;MA;125265
2107605;MA;19840
2107704;MA;21571
2107803;MA;35108
2107902;MA;19253
2108009;MA;19693
2108058;MA;16295
2108108;MA;21092
2108207;MA;39153
2108256;MA;25560
2108306;MA;38987
2108405;MA;14371
2108454;MA;23530
2108504;MA;33186
2108603;MA;84160
2108702;MA;21274
2108801;MA;18814
2108900;MA;17321
2109007;MA;24294
2109056;MA;5936
2109106;MA;48264
2109205;MA;12939
2109239;MA;7124
2109270;MA;19217
2109304;MA;11328
2109403;MA;15545
2109452;MA;31586
2109502;MA;20288
2109551;MA;7859
2109601;MA;43243
2109700;MA;5686
2109759;MA;7878
2109809;MA;42829
2109908;MA;89927
2110005;MA;73105
2110039;MA;25487
2110104;MA;25884
2110203;MA;38732
2110237;MA;13704
2110278;MA;16219
2110302;MA;14516
2110401;MA;18769
2110500;MA;45989
2110609;MA;28825
2110658;MA;7448
2110708;MA;34391
2110807;MA;4540
2110856;MA;12082
2110906;MA;12226
2111003;MA;20736
2111029;MA;15768
2111052;MA;11207
2111078;MA;18746
2111102;MA;26063
2111201;MA;180345
2111250;MA;7639
2111300;MA;1115932
2111409;MA;18600
2111508;MA;41750
2111532;MA;12779
2111573;MA;4700
2111607;MA;19090
2111631;MA;5028
2111672;MA;6856
2111706;MA;22452
2111722;MA;14274
2111748;MA;11285
2111763;MA;13981
2111789;MA;10343
2111805;MA;18237
2111904;MA;10631
2111953;MA;5692
2112001;MA;8642
2112100;MA;29241
2112209;MA;171317
2112233;MA;22223
2112274;MA;5868
2112308;MA;42242
2112407;MA;35811
2112456;MA;26112
2112506;MA;59927
2112605;MA;33791
2112704;MA;57813
2112803;MA;52852
2112852;MA;13800
2112902;MA;32956
2113009;MA;31520
2114007;MA;52190
2200053;PI;7119
2200103;PI;5123
2200202;PI;17525
2200251;PI;7678
2200277;PI;4921
2200301;PI;14371
2200400;PI;40681
2200459;PI;5469
2200509;PI;17609
2200608;PI;6779
2200707;PI;9994
2200806;PI;3175
2200905;PI;5819
2200954;PI;2551
2201002;PI;4713
2201051;PI;7879
2201101;PI;11361
2201150;PI;11751
2201176;PI;3953
2201200;PI;47298
2201309;PI;3356
2201408;PI;7022
2201507;PI;26951
2201556;PI;4044
2201572;PI;3607
2201606;PI;10479
2201705;PI;5512
2201739;PI;6214
2201770;PI;6848
2201804;PI;4509
2201903;PI;25584
2201919;PI;5670
2201929;PI;5700
2201945;PI;6443
2201960;PI;8364
2201988;PI;3824
2202000;PI;19832
2202026;PI;8282
2202059;PI;10671
2202075;PI;3586
2202083;PI;7704
2202091;PI;5786
2202109;PI;5628
2202117;PI;5093
2202133;PI;5987
2202174;PI;7342
2202208;PI;46950
2202251;PI;3938
2202307;PI;21326
2202406;PI;11471
2202455;PI;4127
2202505;PI;11009
2202539;PI;5910
2202554;PI;5102
2202604;PI;19716
2202653;PI;5477
2202703;PI;27901
2202711;PI;4908
2202729;PI;6180
2202737;PI;4044
2202752;PI;6545
2202778;PI;7665
2202802;PI;4811
2202851;PI;4688
2202901;PI;26771
2203008;PI;8350
2203107;PI;10464
2203206;PI;11461
2203230;PI;4982
2203255;PI;4475
2203271;PI;5390
2203305;PI;13862
2203354;PI;7046
2203404;PI;6940
2203420;PI;4352
2203453;PI;9574
2203503;PI;14550
2203602;PI;4943
2203701;PI;39953
2203750;PI;5330
2203800;PI;4461
2203859;PI;2561
2203909;PI;60111
2204006;PI;5345
2204105;PI;4300
2204154;PI;3216
2204204;PI;9423
2204303;PI;11690
2204352;PI;5477
2204402;PI;10698
2204501;PI;10496
2204550;PI;4573
2204600;PI;3880
2204659;PI;9487
2204709;PI;15330
2204808;PI;9863
2204907;PI;8582
2205003;PI;11571
2205102;PI;11037
2205151;PI;5718
2205201;PI;19233
2205250;PI;4522
2205276;PI;4885
2205300;PI;4443
2205359;PI;3003
2205409;PI;14396
2205458;PI;5488
2205508;PI;39457
2205516;PI;5491
2205524;PI;5653
2205532;PI;4790
2205540;PI;2870
2205557;PI;8610
2205565;PI;4658
2205573;PI;6795
2205581;PI;4086
2205599;PI;5219
2205607;PI;5272
2205706;PI;30558
2205805;PI;25521
2205854;PI;8372
2205904;PI;5352
2205953;PI;8590
2206001;PI;4546
2206050;PI;6456
2206100;PI;10979
2206209;PI;33901
2206308;PI;1239
2206357;PI;6603
2206407;PI;10563
2206506;PI;7785
2206605;PI;10618
2206654;PI;4527
2206670;PI;6825
2206696;PI;9258
2206704;PI;7307
2206720;PI;8632
2206753;PI;4911
2206803;PI;8751
2206902;PI;6548
2206951;PI;3014
2207009;PI;37138
2207108;PI;2477
2207207;PI;6879
2207306;PI;4124
2207355;PI;3416
2207405;PI;5029
2207504;PI;14633
2207553;PI;3931
2207603;PI;10846
2207702;PI;153863
2207751;PI;4331
2207777;PI;6420
2207793;PI;4084
2207801;PI;20583
2207850;PI;3662
2207900;PI;38812
2207934;PI;2551
2207959;PI;4392
2208007;PI;78627
2208106;PI;12150
2208205;PI;18492
2208304;PI;28952
2208403;PI;63829
2208502;PI;12646
2208551;PI;2728
2208601;PI;3149
2208650;PI;9041
2208700;PI;8814
2208809;PI;17979
2208858;PI;4306
2208874;PI;4499
2208908;PI;7408
2209005;PI;6434
2209104;PI;6254
2209153;PI;4046
2209203;PI;6256
2209302;PI;5903
2209351;PI;4650
2209377;PI;5254
2209401;PI;6466
2209450;PI;2172
2209500;PI;3809
2209559;PI;4454
2209609;PI;2923
2209658;PI;5801
2209708;PI;6417
2209757;PI;3071
2209807;PI;5044
2209856;PI;4619
2209872;PI;6084
2209906;PI;6106
2209955;PI;4856
2209971;PI;8085
2210003;PI;20720
2210052;PI;5361
2210102;PI;3737
2210201;PI;6696
2210300;PI;6379
2210359;PI;4581
2210375;PI;2648
2210383;PI;2456
2210391;PI;3037
2210409;PI;17617
2210508;PI;14356
2210607;PI;35035
2210623;PI;3434
2210631;PI;4311
2210656;PI;10074
2210706;PI;14664
2210805;PI;12778
2210904;PI;4557
2210938;PI;6801
2210953;PI;2939
2210979;PI;2781
2211001;PI;871126
2211100;PI;44649
2211209;PI;21746
2211308;PI;20940
2211357;PI;4930
2211407;PI;4382
2211506;PI;3082
2211605;PI;2935
2211704;PI;4479
2300101;CE;11965
2300150;CE;15140
2300200;CE;63556
2300309;CE;54687
2300408;CE;17584
2300507;CE;11846
2300606;CE;7712
2300705;CE;16077
2300754;CE;44195
2300804;CE;7402
2300903;CE;14742
2301000;CE;81581
2301109;CE;75392
2301208;CE;26600
2301257;CE;10983
2301307;CE;21707
2301406;CE;11759
2301505;CE;7848
2301604;CE;23537
2301703;CE;24567
2301802;CE;6318
2301851;CE;18313
2301901;CE;61662
2301950;CE;22715
2302008;CE;22834
2302057;CE;15069
2302107;CE;36127
2302206;CE;54315
2302305;CE;32851
2302404;CE;54680
2302503;CE;50195
2302602;CE;64147
2302701;CE;27513
2302800;CE;77484
2302909;CE;17830
2303006;CE;23011
2303105;CE;18470
2303204;CE;27008
2303303;CE;18700
2303402;CE;17763
2303501;CE;72706
2303600;CE;21041
2303659;CE;10410
2303709;CE;368918
2303808;CE;25612
2303907;CE;13112
2303931;CE;13608
2303956;CE;20286
2304004;CE;23340
2304103;CE;75241
2304202;CE;133913
2304236;CE;18201
2304251;CE;25121
2304269;CE;9698
2304277;CE;7254
2304285;CE;55035
2304301;CE;19330
2304350;CE;24680
2304400;CE;2703391
2304459;CE;16776
2304509;CE;14195
2304608;CE;7767
2304657;CE;14415
2304707;CE;55170
2304806;CE;4784
2304905;CE;11219
2304954;CE;26508
2305001;CE;40921
2305100;CE;5073
2305209;CE;20126
2305233;CE;69688
2305266;CE;13385
2305308;CE;25165
2305332;CE;12730
2305357;CE;20183
2305407;CE;68303
2305506;CE;103633
2305605;CE;26196
2305654;CE;11597
2305704;CE;12507
2305803;CE;42148
2305902;CE;38064
2306009;CE;14351
2306108;CE;24450
2306207;CE;7904
2306256;CE;38661
2306306;CE;53448
2306405;CE;131687
2306504;CE;20653
2306553;CE;42595
2306603;CE;22018
2306702;CE;18133
2306801;CE;11580
2306900;CE;34592
2307007;CE;33960
2307106;CE;27187
2307205;CE;8150
2307254;CE;20351
2307304;CE;278264
2307403;CE;24949
2307502;CE;31476
2307601;CE;60232
2307635;CE;20031
2307650;CE;230986
2307700;CE;131677
2307809;CE;27822
2307908;CE;11407
2308005;CE;39341
2308104;CE;48370
2308203;CE;15309
2308302;CE;27413
2308351;CE;13129
2308377;CE;13965
2308401;CE;35566
2308500;CE;43917
2308609;CE;17264
2308708;CE;61590
2308807;CE;8833
2308906;CE;22830
2309003;CE;14561
2309102;CE;11056
2309201;CE;15798
2309300;CE;32487
2309409;CE;28737
2309458;CE;25958
2309508;CE;21342
2309607;CE;74145
2309706;CE;85647
2309805;CE;12313
2309904;CE;6565
2310001;CE;9458
2310100;CE;13553
2310209;CE;35526
2310258;CE;33232
2310308;CE;31391
2310407;CE;12276
2310506;CE;43359
2310605;CE;9207
2310704;CE;38045
2310803;CE;16356
2310852;CE;20964
2310902;CE;17210
2310951;CE;11052
2311009;CE;12358
2311108;CE;14920
2311207;CE;11165
2311231;CE;6455
2311264;CE;21246
2311306;CE;88899
2311355;CE;16116
2311405;CE;82455
2311504;CE;22432
2311603;CE;29238
2311702;CE;18279
2311801;CE;79550
2311900;CE;15757
2311959;CE;16714
2312007;CE;32851
2312106;CE;17726
2312205;CE;43719
2312304;CE;48354
2312403;CE;49306
2312502;CE;7557
2312601;CE;13086
2312700;CE;25418
2312809;CE;7758
2312908;CE;212437
2313005;CE;18389
2313104;CE;32079
2313203;CE;26199
2313252;CE;8555
2313302;CE;59259
2313351;CE;19551
2313401;CE;77111
2313500;CE;56653
2313559;CE;16588
2313609;CE;35295
2313708;CE;7740
2313757;CE;19976
2313807;CE;22223
2313906;CE;13988
2313955;CE;18520
2314003;CE;41078
2314102;CE;61916
2400109;RN;11106
2400208;RN;58743
2400307;RN;11024
2400406;RN;3293
2400505;RN;13529
2400604;RN;4685
2400703;RN;14923
2400802;RN;11695
2400901;RN;7162
2401008;RN;35904
2401107;RN;28156
2401206;RN;14526
2401305;RN;9686
2401404;RN;9373
2401453;RN;29112
2401503;RN;3989
2401602;RN;5552
2401651;RN;2171
2401701;RN;10323
2401800;RN;12873
2401859;RN;6572
2401909;RN;3745
2402006;RN;68726
2402105;RN;11363
2402204;RN;34814
2402303;RN;20588
2402402;RN;8297
2402501;RN;10972
2402600;RN;74268
2402709;RN;11182
2402808;RN;5501
2402907;RN;4918
2403004;RN;7968
2403103;RN;45022
2403202;RN;7068
2403251;RN;272490
2403301;RN;5697
2403400;RN;6064
2403509;RN;10463
2403608;RN;29282
2403707;RN;6009
2403756;RN;3081
2403806;RN;9772
2403905;RN;2801
2404002;RN;4015
2404101;RN;2903
2404200;RN;27004
2404309;RN;13115
2404408;RN;10541
2404507;RN;16261
2404606;RN;14033
2404705;RN;15759
2404804;RN;2264
2404853;RN;7641
2404903;RN;5916
2405009;RN;9341
2405108;RN;6907
2405207;RN;5228
2405306;RN;10367
2405405;RN;4935
2405504;RN;2600
2405603;RN;15044
2405702;RN;12397
2405801;RN;35360
2405900;RN;2653
2406007;RN;5941
2406106;RN;18335
2406155;RN;3945
2406205;RN;6851
2406304;RN;7624
2406403;RN;2732
2406502;RN;15880
2406601;RN;8348
2406700;RN;11410
2406809;RN;4768
2406908;RN;4053
2407005;RN;10175
2407104;RN;82828
2407203;RN;32260
2407252;RN;4102
2407302;RN;8325
2407401;RN;8790
2407500;RN;12714
2407609;RN;4665
2407708;RN;11166
2407807;RN;22698
2407906;RN;2063
2408003;RN;303792
2408102;RN;896708
2408201;RN;28266
2408300;RN;37554
2408409;RN;4231
2408508;RN;4813
2408607;RN;4298
2408706;RN;3732
2408805;RN;5307
2408904;RN;21611
2408953;RN;10961
2409100;RN;13667
2409209;RN;3114
2409308;RN;12861
2409332;RN;5689
2409407;RN;30802
2409506;RN;3163
2409605;RN;2419
2409704;RN;6591
2409803;RN;14881
2409902;RN;15411
2410009;RN;3900
2410108;RN;15646
2410207;RN;7944
2410256;RN;6605
2410306;RN;10646
2410405;RN;9825
2410504;RN;5158
2410603;RN;3214
2410702;RN;3648
2410801;RN;4194
2410900;RN;8310
2411007;RN;4457
2411056;RN;4173
2411106;RN;3584
2411205;RN;40295
2411403;RN;11808
2411429;RN;2699
2411502;RN;24422
2411601;RN;2687
2411700;RN;4541
2411809;RN;3606
2411908;RN;4281
2412005;RN;104919
2412104;RN;6221
2412203;RN;44566
2412302;RN;12901
2412401;RN;4696
2412500;RN;23789
2412559;RN;10441
2412609;RN;17858
2412708;RN;5889
2412807;RN;8183
2412906;RN;11051
2413003;RN;6476
2413102;RN;6167
2413201;RN;4527
2413300;RN;5739
2413359;RN;12225
2413409;RN;8105
2413508;RN;6128
2413557;RN;4832
2413607;RN;1743
2413706;RN;5600
2413805;RN;2606
2413904;RN;12314
2414001;RN;16008
2414100;RN;10923
2414159;RN;6085
2414209;RN;14694
2414308;RN;2427
2414407;RN;33716
2414456;RN;3195
2414506;RN;10485
2414605;RN;14937
2414704;RN;5529
2414753;RN;4232
2414803;RN;12789
2414902;RN;1731
2415008;RN;3217
2500106;PB;10375
2500205;PB;5622
2500304;PB;28384
2500403;PB;20992
2500502;PB;14629
2500536;PB;5527
2500577;PB;2588
2500601;PB;19865
2500700;PB;18020
2500734;PB;2264
2500775;PB;8482
2500809;PB;16857
2500908;PB;13613
2501005;PB;20610
2501104;PB;22493
2501153;PB;2105
2501203;PB;7054
2501302;PB;19081
2501351;PB;4067
2501401;PB;9197
2501500;PB;21220
2501534;PB;5033
2501575;PB;8338
2501609;PB;15607
2501708;PB;6095
2501807;PB;97519
2501906;PB;17733
2502003;PB;7356
2502052;PB;3571
2502102;PB;5248
2502151;PB;7218
2502201;PB;2588
2502300;PB;4937
2502409;PB;12126
2502508;PB;17934
2502607;PB;6092
2502706;PB;5311
2502805;PB;14287
2502904;PB;6479
2503001;PB;22079
2503100;PB;5710
2503209;PB;69773
2503308;PB;10364
2503407;PB;3708
2503506;PB;17169
2503555;PB;7225
2503605;PB;7182
2503704;PB;62576
2503753;PB;3217
2503803;PB;6077
2503902;PB;6048
2504009;PB;413830
2504033;PB;6715
2504074;PB;4206
2504108;PB;2714
2504157;PB;7530
2504207;PB;4938
2504306;PB;30819
2504355;PB;4898
2504405;PB;19030
2504504;PB;6662
2504603;PB;25341
2504702;PB;4787
2504801;PB;15438
2504850;PB;1948
2504900;PB;17599
2505006;PB;7866
2505105;PB;20331
2505204;PB;6748
2505238;PB;6360
2505279;PB;5209
2505303;PB;2508
2505352;PB;5409
2505402;PB;8332
2505501;PB;3850
2505600;PB;6506
2505709;PB;10375
2505808;PB;3569
2505907;PB;3556
2506004;PB;33386
2506103;PB;11180
2506202;PB;2989
2506251;PB;8292
2506301;PB;59389
2506400;PB;14125
2506509;PB;3477
2506608;PB;5877
2506707;PB;11877
2506806;PB;18184
2506905;PB;24363
2507002;PB;24960
2507101;PB;18978
2507200;PB;11069
2507309;PB;14467
2507408;PB;7751
2507507;PB;825796
2507606;PB;8014
2507705;PB;18422
2507804;PB;7238
2507903;PB;10830
2508000;PB;9831
2508109;PB;4640
2508208;PB;7754
2508307;PB;27728
2508406;PB;2698
2508505;PB;7274
2508554;PB;4406
2508604;PB;13344
2508703;PB;3988
2508802;PB;5745
2508901;PB;45385
2509008;PB;10988
2509057;PB;8746
2509107;PB;21895
2509156;PB;6689
2509206;PB;14077
2509305;PB;8642
2509339;PB;4528
2509370;PB;2944
2509396;PB;6690
2509404;PB;13238
2509503;PB;5806
2509602;PB;4867
2509701;PB;33638
2509800;PB;9962
2509909;PB;10449
2510006;PB;7271
2510105;PB;10614
2510204;PB;5892
2510303;PB;5011
2510402;PB;6399
2510501;PB;3989
2510600;PB;3052
2510659;PB;1747
2510709;PB;2453
2510808;PB;108766
2510907;PB;12411
2511004;PB;3802
2511103;PB;7954
2511202;PB;28607
2511301;PB;16147
2511400;PB;18737
2511509;PB;12036
2511608;PB;6518
2511707;PB;4937
2511806;PB;10590
2511905;PB;19478
2512002;PB;18848
2512036;PB;3877
2512077;PB;4366
2512101;PB;32803
2512200;PB;4265
2512309;PB;23749
2512408;PB;13801
2512507;PB;44388
2512606;PB;2009
2512705;PB;19973
2512721;PB;6139
2512747;PB;3650
2512754;PB;4562
2512762;PB;4571
2512788;PB;1999
2512804;PB;8555
2512903;PB;24258
2513000;PB;3975
2513109;PB;12123
2513158;PB;6526
2513208;PB;6579
2513307;PB;5853
2513356;PB;3591
2513406;PB;15470
2513505;PB;5098
2513604;PB;6942
2513653;PB;2640
2513703;PB;138093
2513802;PB;4550
2513851;PB;2496
2513901;PB;34650
2513927;PB;4602
2513943;PB;2645
2513968;PB;3119
2513984;PB;3377
2514008;PB;4170
2514107;PB;4408
2514206;PB;7622
2514305;PB;6394
2514404;PB;4631
2514453;PB;6037
2514503;PB;20406
2514552;PB;3898
2514602;PB;3619
2514651;PB;1821
2514701;PB;4153
2514800;PB;3607
2514909;PB;7682
2515005;PB;7450
2515104;PB;11793
2515203;PB;3534
2515302;PB;52977
2515401;PB;10919
2515500;PB;13807
2515609;PB;3114
2515708;PB;2921
2515807;PB;7001
2515906;PB;6037
2515930;PB;5152
2515971;PB;7845
2516003;PB;26051
2516102;PB;15211
2516151;PB;3631
2516201;PB;69997
2516300;PB;17096
2516409;PB;11024
2516508;PB;15505
2516607;PB;14791
2516706;PB;15333
2516755;PB;3103
2516805;PB;9473
2516904;PB;15356
2517001;PB;9914
2517100;PB;2870
2517209;PB;5395
2517407;PB;2269
2600054;PE;100698
2600104;PE;37546
2600203;PE;19981
2600302;PE;25240
2600401;PE;37386
2600500;PE;43923
2600609;PE;14798
2600708;PE;38408
2600807;PE;22996
2600906;PE;22910
2601003;PE;11301
2601052;PE;20936
2601102;PE;85301
2601201;PE;75295
2601300;PE;14632
2601409;PE;42866
2601508;PE;12169
2601607;PE;20730
2601706;PE;76930
2601805;PE;12811
2601904;PE;60960
2602001;PE;38605
2602100;PE;48975
2602209;PE;40038
2602308;PE;38101
2602407;PE;8981
2602506;PE;7489
2602605;PE;51696
2602704;PE;13224
2602803;PE;59448
2602902;PE;210796
2603009;PE;34778
2603108;PE;20618
2603207;PE;29065
2603306;PE;10983
2603405;PE;5744
2603454;PE;159945
2603504;PE;19032
2603603;PE;8592
2603702;PE;24743
2603801;PE;20048
2603900;PE;19666
2603926;PE;13117
2604007;PE;85131
2604106;PE;369343
2604155;PE;14395
2604205;PE;43778
2604304;PE;11972
2604403;PE;13641
2604502;PE;21929
2604601;PE;26755
2604700;PE;18327
2604809;PE;12543
2604908;PE;9494
2605004;PE;24237
2605103;PE;37633
2605152;PE;19246
2605202;PE;69701
2605301;PE;31709
2605400;PE;22360
2605459;PE;3140
2605509;PE;12216
2605608;PE;22612
2605707;PE;33488
2605806;PE;15633
2605905;PE;31578
2606002;PE;141347
2606101;PE;30847
2606200;PE;80345
2606309;PE;7586
2606408;PE;85309
2606507;PE;19284
2606606;PE;29585
2606705;PE;7773
2606804;PE;119690
2606903;PE;12265
2607000;PE;24034
2607109;PE;4537
2607208;PE;99101
2607307;PE;31515
2607406;PE;5013
2607505;PE;26268
2607604;PE;27076
2607653;PE;36495
2607703;PE;13492
2607752;PE;27144
2607802;PE;17056
2607901;PE;711330
2607950;PE;11632
2608008;PE;17305
2608057;PE;14904
2608107;PE;33570
2608206;PE;15999
2608255;PE;11545
2608305;PE;15007
2608404;PE;15483
2608453;PE;18429
2608503;PE;21490
2608602;PE;13300
2608701;PE;16345
2608750;PE;26090
2608800;PE;40883
2608909;PE;56149
2609006;PE;25565
2609105;PE;16549
2609154;PE;22110
2609204;PE;11098
2609303;PE;15548
2609402;PE;63792
2609501;PE;32673
2609600;PE;393734
2609709;PE;23985
2609808;PE;15309
2609907;PE;70466
2610004;PE;63745
2610103;PE;7509
2610202;PE;26438
2610301;PE;11608
2610400;PE;22198
2610509;PE;28856
2610608;PE;57346
2610707;PE;336919
2610806;PE;22716
2610905;PE;68067
2611002;PE;37246
2611101;PE;359372
2611200;PE;11308
2611309;PE;27204
2611408;PE;15231
2611507;PE;26309
2611533;PE;6796
2611606;PE;1661017
2611705;PE;20744
2611804;PE;47813
2611903;PE;23719
2612000;PE;9600
2612109;PE;11214
2612208;PE;61561
2612307;PE;15880
2612406;PE;27308
2612455;PE;15713
2612471;PE;12708
2612505;PE;111812
2612554;PE;14645
2612604;PE;42266
2612703;PE;14308
2612802;PE;11914
2612901;PE;16239
2613008;PE;60567
2613107;PE;37488
2613206;PE;23002
2613305;PE;21439
2613404;PE;21868
2613503;PE;34082
2613602;PE;34210
2613701;PE;114910
2613800;PE;18150
2613909;PE;87467
2614006;PE;19226
2614105;PE;36189
2614204;PE;46845
2614303;PE;11269
2614402;PE;6034
2614501;PE;66192
2614600;PE;28860
2614709;PE;12843
2614808;PE;26439
2614857;PE;23852
2615003;PE;29472
2615102;PE;7227
2615201;PE;10314
2615300;PE;52587
2615409;PE;47088
2615508;PE;13856
2615607;PE;31103
2615706;PE;15232
2615805;PE;27793
2615904;PE;8266
2616001;PE;18835
2616100;PE;9572
2616183;PE;7526
2616209;PE;21172
2616308;PE;32897
2616407;PE;140389
2616506;PE;14789
2700102;AL;20263
2700201;AL;17507
2700300;AL;234309
2700409;AL;47540
2700508;AL;16201
2700607;AL;8434
2700706;AL;18440
2700805;AL;4226
2700904;AL;6717
2701001;AL;27429
2701100;AL;10426
2701209;AL;10920
2701308;AL;21397
2701357;AL;6972
2701407;AL;57997
2701506;AL;9576
2701605;AL;17715
2701704;AL;16907
2701803;AL;9568
2701902;AL;7311
2702009;AL;10594
2702108;AL;21935
2702207;AL;5882
2702306;AL;57647
2702355;AL;24396
2702405;AL;52501
2702504;AL;11059
2702553;AL;18304
2702603;AL;22192
2702702;AL;4803
2702801;AL;12823
2702900;AL;41549
2703007;AL;15637
2703106;AL;25596
2703205;AL;24670
2703304;AL;18398
2703403;AL;5185
2703502;AL;6992
2703601;AL;8444
2703700;AL;5751
2703759;AL;11495
2703809;AL;24167
2703908;AL;4119
2704005;AL;24716
2704104;AL;17692
2704203;AL;28904
2704302;AL;1031597
2704401;AL;19923
2704500;AL;33351
2704609;AL;8850
2704708;AL;52848
2704807;AL;13123
2704906;AL;3474
2705002;AL;25200
2705101;AL;24627
2705200;AL;18201
2705309;AL;5315
2705408;AL;7171
2705507;AL;28428
2705606;AL;12837
2705705;AL;21690
2705804;AL;9507
2705903;AL;5133
2706000;AL;11681
2706109;AL;11573
2706208;AL;5061
2706307;AL;73452
2706406;AL;24307
2706422;AL;10546
2706448;AL;13484
2706505;AL;15270
2706604;AL;7556
2706703;AL;64005
2706802;AL;17868
2706901;AL;35310
2707008;AL;2903
2707107;AL;25324
2707206;AL;14447
2707305;AL;27331
2707404;AL;7618
2707503;AL;20158
2707602;AL;11202
2707701;AL;75662
2707800;AL;6634
2707909;AL;7344
2708006;AL;47910
2708105;AL;10637
2708204;AL;6977
2708303;AL;24064
2708402;AL;32462
2708501;AL;34825
2708600;AL;62328
2708709;AL;8073
2708808;AL;34424
2708907;AL;14042
2708956;AL;13893
2709004;AL;6115
2709103;AL;20162
2709152;AL;44570
2709202;AL;27934
2709301;AL;65963
2709400;AL;25655
2800100;SE;2386
2800209;SE;21796
2800308;SE;672614
2800407;SE;9840
2800506;SE;18825
2800605;SE;31439
2800670;SE;26980
2800704;SE;8396
2801009;SE;18325
2801108;SE;4003
2801207;SE;30894
2801306;SE;34808
2801405;SE;22393
2801504;SE;17232
2801603;SE;5929
2801702;SE;18181
2801900;SE;4008
2802007;SE;5290
2802106;SE;69919
2802205;SE;5617
2802304;SE;15688
2802403;SE;11599
2802502;SE;3421
2802601;SE;5831
2802700;SE;8522
2802809;SE;18337
2802908;SE;96839
2803005;SE;42399
2803104;SE;4869
2803203;SE;35054
2803302;SE;19067
2803401;SE;13422
2803500;SE;106015
2803609;SE;30327
2803708;SE;7002
2803807;SE;3715
2803906;SE;12689
2804003;SE;17328
2804102;SE;11361
2804201;SE;15315
2804300;SE;7653
2804409;SE;18688
2804458;SE;8822
2804508;SE;37715
2804607;SE;26957
2804706;SE;6509
2804805;SE;187733
2804904;SE;14650
2805000;SE;3309
2805109;SE;9727
2805208;SE;6678
2805307;SE;9436
2805406;SE;35461
2805505;SE;24003
2805604;SE;28788
2805703;SE;29756
2805802;SE;19813
2805901;SE;10354
2806008;SE;18891
2806107;SE;11158
2806206;SE;20051
2806305;SE;14205
2806404;SE;7906
2806503;SE;3933
2806602;SE;12200
2806701;SE;92090
2806800;SE;11276
2806909;SE;3837
2807006;SE;3964
2807105;SE;40724
2807204;SE;9046
2807303;SE;3271
2807402;SE;52861
2807501;SE;13534
2807600;SE;25800
2900108;BA;8681
2900207;BA;20594
2900306;BA;15214
2900355;BA;17209
2900405;BA;17096
2900504;BA;10513
2900603;BA;4387
2900702;BA;153023
2900801;BA;22509
2900900;BA;5273
2901007;BA;37631
2901106;BA;24997
2901155;BA;16086
2901205;BA;21229
2901304;BA;13122
2901353;BA;14416
2901403;BA;13902
2901502;BA;11369
2901601;BA;19659
2901700;BA;11670
2901809;BA;11955
2901908;BA;17840
2901957;BA;7274
2902005;BA;12960
2902054;BA;12237
2902104;BA;54903
2902203;BA;11519
2902252;BA;10904
2902302;BA;8848
2902401;BA;11079
2902500;BA;13979
2902609;BA;20431
2902658;BA;13251
2902708;BA;54225
2902807;BA;20198
2902906;BA;30831
2903003;BA;13128
2903102;BA;5515
2903201;BA;158432
2903235;BA;15171
2903276;BA;16225
2903300;BA;5312
2903409;BA;23540
2903508;BA;17013
2903607;BA;15989
2903706;BA;12039
2903805;BA;18491
2903904;BA;70151
2903953;BA;9768
2904001;BA;14518
2904050;BA;16999
2904100;BA;21486
2904209;BA;10050
2904308;BA;14155
2904407;BA;10675
2904506;BA;10705
2904605;BA;67468
2904704;BA;18269
2904753;BA;21374
2904803;BA;6232
2904852;BA;19010
2904902;BA;33659
2905008;BA;23407
2905107;BA;8912
2905156;BA;14671
2905206;BA;51184
2905305;BA;18585
2905404;BA;18666
2905503;BA;13452
2905602;BA;32023
2905701;BA;309208
2905800;BA;35444
2905909;BA;28839
2906006;BA;71754
2906105;BA;9694
2906204;BA;26468
2906303;BA;30722
2906402;BA;8109
2906501;BA;87820
2906600;BA;14415
2906709;BA;24921
2906808;BA;34929
2906824;BA;16832
2906857;BA;11597
2906873;BA;31055
2906899;BA;8659
2906907;BA;22166
2907004;BA;9395
2907103;BA;29118
2907202;BA;73092
2907301;BA;26369
2907400;BA;3619
2907509;BA;55222
2907558;BA;9303
2907608;BA;17293
2907707;BA;11221
2907806;BA;32636
2907905;BA;17402
2908002;BA;16128
2908101;BA;18835
2908200;BA;22933
2908309;BA;17087
2908408;BA;67394
2908507;BA;33631
2908606;BA;26223
2908705;BA;17113
2908804;BA;4025
2908903;BA;22391
2909000;BA;8667
2909109;BA;14108
2909208;BA;15549
2909307;BA;32243
2909406;BA;13756
2909505;BA;5352
2909604;BA;21219
2909703;BA;13981
2909802;BA;63923
2909901;BA;35065
2910008;BA;10347
2910057;BA;83705
2910107;BA;12281
2910206;BA;4072
2910305;BA;8129
2910404;BA;15914
2910503;BA;42014
2910602;BA;37902
2910701;BA;61112
2910727;BA;115360
2910750;BA;17801
2910776;BA;5656
2910800;BA;624107
2910859;BA;16314
2910909;BA;5641
2911006;BA;10525
2911105;BA;26111
2911204;BA;32778
2911253;BA;4417
2911303;BA;11284
2911402;BA;15247
2911501;BA;6852
2911600;BA;20800
2911659;BA;6371
2911709;BA;85353
2911808;BA;20565
2911857;BA;12946
2911907;BA;23950
2912004;BA;8849
2912103;BA;21083
2912202;BA;19990
2912301;BA;16262
2912400;BA;18421
2912509;BA;14989
2912608;BA;4047
2912707;BA;23433
2912806;BA;8740
2912905;BA;14476
2913002;BA;16463
2913101;BA;17048
2913200;BA;27076
2913309;BA;6232
2913408;BA;15661
2913457;BA;12963
2913507;BA;27006
2913606;BA;157639
2913705;BA;40720
2913804;BA;14229
2913903;BA;45969
2914000;BA;59281
2914109;BA;9954
2914208;BA;7295
2914307;BA;7874
2914406;BA;25728
2914505;BA;29305
2914604;BA;74050
2914653;BA;30901
2914703;BA;64795
2914802;BA;214123
2914901;BA;29051
2915007;BA;16164
2915106;BA;12140
2915205;BA;14331
2915304;BA;6784
2915353;BA;14650
2915403;BA;6515
2915502;BA;20309
2915601;BA;64423
2915700;BA;7971
2915809;BA;22474
2915908;BA;6433
2916005;BA;19231
2916104;BA;22440
2916203;BA;8300
2916302;BA;10173
2916401;BA;77408
2916500;BA;36173
2916609;BA;10284
2916708;BA;8375
2916807;BA;19937
2916856;BA;14588
2916906;BA;12482
2917003;BA;36140
2917102;BA;20394
2917201;BA;19095
2917300;BA;28870
2917334;BA;11038
2917359;BA;8176
2917409;BA;14855
2917508;BA;80749
2917607;BA;54913
2917706;BA;33915
2917805;BA;19162
2917904;BA;10742
2918001;BA;156277
2918100;BA;40832
2918209;BA;14576
2918308;BA;10470
2918357;BA;25606
2918407;BA;219544
2918456;BA;8856
2918506;BA;15241
2918555;BA;5706
2918605;BA;5777
2918704;BA;3663
2918753;BA;15870
2918803;BA;24214
2918902;BA;3993
2919009;BA;3735
2919058;BA;8591
2919108;BA;8078
2919157;BA;27323
2919207;BA;204669
2919306;BA;11586
2919405;BA;12357
2919504;BA;46372
2919553;BA;92671
2919603;BA;11318
2919702;BA;19056
2919801;BA;50481
2919900;BA;7752
2919926;BA;21754
2919959;BA;2386
2920007;BA;10294
2920106;BA;18535
2920205;BA;16875
2920304;BA;8326
2920403;BA;12944
2920452;BA;13822
2920502;BA;19973
2920601;BA;44902
2920700;BA;20664
2920809;BA;10357
2920908;BA;13619
2921005;BA;47643
2921054;BA;12359
2921104;BA;22741
2921203;BA;25771
2921302;BA;10838
2921401;BA;18603
2921450;BA;8264
2921500;BA;49145
2921609;BA;8476
2921708;BA;35466
2921807;BA;12063
2921906;BA;8725
2922003;BA;42729
2922052;BA;10469
2922102;BA;27153
2922201;BA;7464
2922250;BA;11479
2922300;BA;29420
2922409;BA;22340
2922508;BA;28661
2922607;BA;14156
2922656;BA;13197
2922706;BA;16482
2922730;BA;7830
2922755;BA;6518
2922805;BA;8328
2922854;BA;9126
2922904;BA;27047
2923001;BA;44170
2923035;BA;12653
2923050;BA;15445
2923100;BA;28373
2923209;BA;21797
2923308;BA;8575
2923357;BA;17567
2923407;BA;21840
2923506;BA;9123
2923605;BA;21777
2923704;BA;32274
2923803;BA;29124
2923902;BA;9550
2924009;BA;119213
2924058;BA;13535
2924108;BA;7438
2924207;BA;16698
2924306;BA;16854
2924405;BA;35295
2924504;BA;16308
2924603;BA;20048
2924652;BA;10353
2924678;BA;10050
2924702;BA;10253
2924801;BA;25162
2924900;BA;9415
2925006;BA;26581
2925105;BA;46885
2925204;BA;40401
2925253;BA;14729
2925303;BA;152529
2925402;BA;6623
2925501;BA;28214
2925600;BA;15180
2925709;BA;12028
2925758;BA;28272
2925808;BA;25428
2925907;BA;27672
2925931;BA;8939
2925956;BA;22643
2926004;BA;41324
2926103;BA;14588
2926202;BA;22330
2926301;BA;33498
2926400;BA;35757
2926509;BA;14631
2926608;BA;54097
2926657;BA;4896
2926707;BA;12878
2926806;BA;15521
2926905;BA;11672
2927002;BA;41209
2927101;BA;9548
2927200;BA;30900
2927309;BA;16047
2927408;BA;2900319
2927507;BA;20971
2927606;BA;13917
2927705;BA;28058
2927804;BA;6241
2927903;BA;10583
2928000;BA;37704
2928059;BA;12308
2928109;BA;39707
2928208;BA;26792
2928307;BA;8987
2928406;BA;28613
2928505;BA;10520
2928604;BA;60190
2928703;BA;103204
2928802;BA;53666
2928901;BA;34764
2928950;BA;9085
2929008;BA;14784
2929057;BA;15543
2929107;BA;21083
2929206;BA;40664
2929255;BA;18785
2929305;BA;38315
2929354;BA;5562
2929370;BA;10546
2929404;BA;11733
2929503;BA;44554
2929602;BA;17421
2929701;BA;17330
2929750;BA;12163
2929800;BA;12971
2929909;BA;44370
2930006;BA;11586
2930105;BA;79813
2930154;BA;31362
2930204;BA;41279
2930303;BA;17261
2930402;BA;14531
2930501;BA;81693
2930600;BA;13490
2930709;BA;137117
2930758;BA;13104
2930766;BA;9431
2930774;BA;23274
2930808;BA;17118
2930907;BA;12515
2931004;BA;20383
2931053;BA;17518
2931103;BA;7936
2931202;BA;21421
2931301;BA;16939
2931350;BA;164290
2931400;BA;7296
2931509;BA;22590
2931608;BA;15097
2931707;BA;13018
2931806;BA;15996
2931905;BA;50903
2932002;BA;23991
2932101;BA;19860
2932200;BA;18647
2932309;BA;27481
2932408;BA;13894
2932457;BA;19573
2932507;BA;18108
2932606;BA;16672
2932705;BA;20312
2932804;BA;19330
2932903;BA;97873
2933000;BA;29111
2933059;BA;14135
2933109;BA;9247
2933158;BA;12556
2933174;BA;8734
2933208;BA;44185
2933257;BA;6105
2933307;BA;343643
2933406;BA;9342
2933455;BA;12125
2933505;BA;20862
2933604;BA;46562
3100104;MG;7022
3100203;MG;23263
3100302;MG;13434
3100401;MG;3995
3100500;MG;9270
3100609;MG;13319
3100708;MG;1986
3100807;MG;4557
3100906;MG;19285
3101003;MG;13656
3101102;MG;25116
3101201;MG;5949
3101300;MG;2657
3101409;MG;3015
3101508;MG;35438
3101607;MG;80973
3101631;MG;7052
3101706;MG;42380
3101805;MG;7448
3101904;MG;20059
3102001;MG;14566
3102050;MG;5938
3102100;MG;10723
3102209;MG;3783
3102308;MG;15135
3102407;MG;3605
3102506;MG;4643
3102605;MG;41704
3102704;MG;9470
3102803;MG;12189
3102852;MG;8594
3102902;MG;11471
3103009;MG;9233
3103108;MG;1577
3103207;MG;2360
3103306;MG;2056
3103405;MG;36715
3103504;MG;118361
3103603;MG;2779
3103702;MG;8467
3103751;MG;6992
3103801;MG;2836
3103900;MG;9523
3104007;MG;108403
3104106;MG;10990
3104205;MG;40658
3104304;MG;15288
3104403;MG;2681
3104452;MG;5305
3104502;MG;17850
3104601;MG;14358
3104700;MG;12496
3104809;MG;4833
3104908;MG;19249
3105004;MG;7780
3105103;MG;23964
3105202;MG;4738
3105301;MG;5808
3105400;MG;33232
3105509;MG;5311
3105608;MG;139061
3105707;MG;4905
3105905;MG;20981
3106002;MG;10269
3106101;MG;3422
3106200;MG;2530701
3106309;MG;27277
3106408;MG;7723
3106507;MG;11813
3106606;MG;4609
3106655;MG;4792
3106705;MG;450024
3106804;MG;3282
3106903;MG;14612
3107000;MG;2482
3107109;MG;40308
3107208;MG;5088
3107307;MG;50521
3107406;MG;51436
3107505;MG;6444
3107604;MG;4270
3107703;MG;6182
3107802;MG;14792
3107901;MG;10527
3108008;MG;17612
3108107;MG;6852
3108206;MG;5397
3108255;MG;11502
3108305;MG;19809
3108404;MG;14927
3108503;MG;6259
3108552;MG;16950
3108602;MG;32460
3108701;MG;4255
3108800;MG;4737
3108909;MG;14364
3109006;MG;41208
3109105;MG;10982
3109204;MG;10342
3109253;MG;3984
3109303;MG;25179
3109402;MG;28184
3109451;MG;7025
3109501;MG;14074
3109600;MG;3580
3109709;MG;11609
3109808;MG;2720
3109907;MG;11869
3110004;MG;45364
3110103;MG;5584
3110202;MG;3961
3110301;MG;14600
3110400;MG;2839
3110509;MG;21831
3110608;MG;30068
3110707;MG;12810
3110806;MG;3739
3110905;MG;16855
3111002;MG;21052
3111101;MG;19759
3111150;MG;3830
3111200;MG;54338
3111309;MG;11648
3111408;MG;8383
3111507;MG;15661
3111606;MG;28908
3111705;MG;4533
3111804;MG;12251
3111903;MG;5585
3112000;MG;14890
3112059;MG;4575
3112109;MG;5464
3112208;MG;4616
3112307;MG;38321
3112406;MG;6860
3112505;MG;9896
3112604;MG;16294
3112653;MG;5559
3112703;MG;15388
3112802;MG;8693
3112901;MG;9318
3113008;MG;23872
3113107;MG;3150
3113206;MG;25831
3113305;MG;33022
3113404;MG;93124
3113503;MG;9423
3113602;MG;6826
3113701;MG;18516
3113800;MG;2660
3113909;MG;12193
3114006;MG;11546
3114105;MG;15031
3114204;MG;22900
3114303;MG;30339
3114402;MG;21310
3114501;MG;19756
3114550;MG;10103
3114600;MG;4052
3114709;MG;3614
3114808;MG;4445
3114907;MG;2251
3115003;MG;3108
3115102;MG;17741
3115201;MG;3939
3115300;MG;75942
3115359;MG;5465
3115409;MG;3665
3115458;MG;6206
3115474;MG;4944
3115508;MG;21566
3115607;MG;1150
3115706;MG;7059
3115805;MG;10343
3115904;MG;3216
3116001;MG;5695
3116100;MG;15334
3116159;MG;14217
3116209;MG;2657
3116308;MG;6811
3116407;MG;4873
3116506;MG;7478
3116605;MG;29093
3116704;MG;7631
3116803;MG;8810
3116902;MG;3128
3117009;MG;6624
3117108;MG;10351
3117207;MG;2814
3117306;MG;28782
3117405;MG;4581
3117504;MG;17438
3117603;MG;5558
3117702;MG;13729
3117801;MG;11852
3117836;MG;7730
3117876;MG;6867
3117900;MG;12209
3118007;MG;55836
3118106;MG;5047
3118205;MG;6997
3118304;MG;130584
3118403;MG;22975
3118502;MG;1786
3118601;MG;673849
3118700;MG;9099
3118809;MG;26620
3118908;MG;8903
3119005;MG;3546
3119104;MG;23607
3119203;MG;9897
3119302;MG;27958
3119401;MG;110709
3119500;MG;9209
3119609;MG;3095
3119708;MG;3448
3119807;MG;3168
3119906;MG;3685
3119955;MG;6425
3120003;MG;2688
3120102;MG;4436
3120151;MG;6814
3120201;MG;13060
3120300;MG;5992
3120409;MG;5161
3120508;MG;10211
3120607;MG;5072
3120706;MG;3651
3120805;MG;15529
3120839;MG;5026
3120870;MG;7867
3120904;MG;81085
3121001;MG;5431
3121100;MG;8007
3121209;MG;7146
3121258;MG;10994
3121308;MG;5044
3121407;MG;7266
3121506;MG;2867
3121605;MG;47924
3121704;MG;3779
3121803;MG;7493
3121902;MG;3430
3122009;MG;20020
3122108;MG;4969
3122207;MG;7655
3122306;MG;242505
3122355;MG;6946
3122405;MG;6039
3122454;MG;11396
3122470;MG;3635
3122504;MG;5025
3122603;MG;4436
3122702;MG;5227
3122801;MG;2992
3122900;MG;6664
3123007;MG;10291
3123106;MG;5139
3123205;MG;13373
3123304;MG;4202
3123403;MG;1539
3123502;MG;1915
3123528;MG;7898
3123601;MG;28556
3123700;MG;11268
3123809;MG;7240
3123858;MG;5383
3123908;MG;15458
3124005;MG;19019
3124104;MG;72512
3124203;MG;25287
3124302;MG;31603
3124401;MG;4728
3124500;MG;11416
3124609;MG;2308
3124708;MG;3483
3124807;MG;8057
3124906;MG;11383
3125002;MG;3932
3125101;MG;37649
3125200;MG;2374
3125309;MG;3202
3125408;MG;4656
3125507;MG;3178
3125606;MG;7548
3125705;MG;15528
3125804;MG;3500
3125903;MG;9576
3125952;MG;11100
3126000;MG;7602
3126109;MG;67956
3126208;MG;9810
3126307;MG;4460
3126406;MG;2986
3126505;MG;10311
3126604;MG;5268
3126703;MG;26459
3126752;MG;5287
3126802;MG;5858
3126901;MG;9716
3126950;MG;3496
3127008;MG;18866
3127057;MG;4542
3127073;MG;5232
3127107;MG;60508
3127206;MG;4434
3127305;MG;6764
3127339;MG;5084
3127354;MG;3177
3127370;MG;3402
3127388;MG;4014
3127404;MG;4360
3127503;MG;6184
3127602;MG;11811
3127701;MG;282164
3127800;MG;15943
3127909;MG;1386
3128006;MG;34818
3128105;MG;14269
3128204;MG;10307
3128253;MG;5005
3128303;MG;19014
3128402;MG;8926
3128501;MG;3755
3128600;MG;6558
3128709;MG;52234
3128808;MG;7026
3128907;MG;8168
3129004;MG;8296
3129103;MG;5516
3129202;MG;6623
3129301;MG;11085
3129400;MG;4999
3129509;MG;25511
3129608;MG;8478
3129657;MG;5340
3129707;MG;14128
3129806;MG;184030
3129905;MG;3497
3130002;MG;3003
3130051;MG;12200
3130101;MG;44561
3130200;MG;11146
3130309;MG;7901
3130408;MG;6667
3130507;MG;12511
3130556;MG;6976
3130606;MG;7387
3130655;MG;7328
3130705;MG;7009
3130804;MG;2785
3130903;MG;24020
3131000;MG;6352
3131109;MG;7605
3131158;MG;18926
3131208;MG;20133
3131307;MG;267333
3131406;MG;4229
3131505;MG;10156
3131604;MG;7067
3131703;MG;121717
3131802;MG;11637
3131901;MG;52996
3132008;MG;5447
3132107;MG;18175
3132206;MG;13510
3132305;MG;12910
3132404;MG;97782
3132503;MG;35130
3132602;MG;4395
3132701;MG;23207
3132800;MG;2032
3132909;MG;10122
3133006;MG;15844
3133105;MG;15511
3133204;MG;12259
3133303;MG;20997
3133402;MG;15511
3133501;MG;21760
3133600;MG;9976
3133709;MG;11354
3133758;MG;16286
3133808;MG;94455
3133907;MG;5321
3134004;MG;15053
3134103;MG;6074
3134202;MG;105818
3134301;MG;5978
3134400;MG;40101
3134509;MG;3749
3134608;MG;20683
3134707;MG;12320
3134806;MG;7695
3134905;MG;26538
3135001;MG;3151
3135050;MG;39850
3135076;MG;5453
3135100;MG;72374
3135209;MG;67958
3135308;MG;4418
3135357;MG;7991
3135407;MG;4795
3135456;MG;7781
3135506;MG;12246
3135605;MG;7407
3135704;MG;5203
3135803;MG;25555
3135902;MG;4774
3136009;MG;15476
3136108;MG;4382
3136207;MG;80903
3136306;MG;47990
3136405;MG;4757
3136504;MG;10872
3136520;MG;4474
3136553;MG;5104
3136579;MG;4911
3136603;MG;5739
3136652;MG;27823
3136702;MG;577532
3136801;MG;4359
3136900;MG;10795
3136959;MG;5706
3137007;MG;18272
3137106;MG;7588
3137205;MG;53236
3137304;MG;4062
3137403;MG;13115
3137502;MG;18168
3137536;MG;9681
3137601;MG;66744
3137700;MG;19914
3137809;MG;20995
3137908;MG;3366
3138005;MG;6856
3138104;MG;6494
3138203;MG;105756
3138302;MG;3222
3138351;MG;4923
3138401;MG;52690
3138500;MG;4994
3138609;MG;16749
3138625;MG;7640
3138658;MG;9766
3138674;MG;6249
3138682;MG;6735
3138708;MG;5431
3138807;MG;18297
3138906;MG;7112
3139003;MG;42682
3139102;MG;5119
3139201;MG;18556
3139250;MG;6565
3139300;MG;18051
3139409;MG;92074
3139508;MG;22894
3139607;MG;27651
3139706;MG;8113
3139805;MG;12985
3139904;MG;14019
3140001;MG;61830
3140100;MG;4079
3140159;MG;15814
3140209;MG;3000
3140308;MG;4030
3140407;MG;2701
3140506;MG;13497
3140530;MG;8640
3140555;MG;8700
3140605;MG;4415
3140704;MG;31631
3140803;MG;14626
3140852;MG;11360
3140902;MG;19098
3141009;MG;12367
3141108;MG;38469
3141207;MG;3733
3141306;MG;3861
3141405;MG;20701
3141504;MG;6446
3141603;MG;10775
3141702;MG;5489
3141801;MG;31509
3141900;MG;3891
3142007;MG;13651
3142106;MG;10818
3142205;MG;15205
3142254;MG;4939
3142304;MG;4948
3142403;MG;7589
3142502;MG;2184
3142601;MG;8764
3142700;MG;14621
3142809;MG;21349
3142908;MG;20544
3143005;MG;13139
3143104;MG;48049
3143153;MG;4939
3143203;MG;21504
3143302;MG;417478
3143401;MG;24247
3143450;MG;8379
3143500;MG;8955
3143609;MG;2413
3143708;MG;3126
3143807;MG;5960
3143906;MG;109997
3144003;MG;26945
3144102;MG;20522
3144201;MG;3221
3144300;MG;40583
3144359;MG;7104
3144375;MG;3306
3144409;MG;4727
3144508;MG;8710
3144607;MG;26882
3144656;MG;10355
3144672;MG;3067
3144706;MG;17524
3144805;MG;97378
3144904;MG;3548
3145000;MG;16046
3145059;MG;7493
3145109;MG;16937
3145208;MG;108241
3145307;MG;31339
3145356;MG;10800
3145372;MG;5348
3145406;MG;1694
3145455;MG;6243
3145505;MG;2829
3145604;MG;41987
3145703;MG;2128
3145802;MG;3155
3145851;MG;4671
3145877;MG;8138
3145901;MG;40220
3146008;MG;33938
3146107;MG;74824
3146206;MG;5895
3146255;MG;6466
3146305;MG;20346
3146404;MG;4440
3146503;MG;8308
3146552;MG;6098
3146602;MG;1517
3146701;MG;6606
3146750;MG;5196
3146909;MG;15922
3147006;MG;94539
3147105;MG;95616
3147204;MG;21693
3147303;MG;21353
3147402;MG;24854
3147501;MG;1619
3147600;MG;16439
3147709;MG;8031
3147808;MG;2024
3147907;MG;115970
3147956;MG;6031
3148004;MG;154641
3148103;MG;92116
3148202;MG;5744
3148301;MG;9597
3148400;MG;4794
3148509;MG;8390
3148608;MG;17534
3148707;MG;24333
3148756;MG;7157
3148806;MG;2960
3148905;MG;3977
3149002;MG;2559
3149101;MG;11098
3149150;MG;12313
3149200;MG;3651
3149309;MG;65149
3149408;MG;1804
3149507;MG;3340
3149606;MG;4457
3149705;MG;11994
3149804;MG;16469
3149903;MG;21577
3149952;MG;6738
3150000;MG;4261
3150109;MG;2719
3150158;MG;8832
3150208;MG;4141
3150307;MG;4436
3150406;MG;5034
3150505;MG;8715
3150539;MG;5029
3150570;MG;7540
3150604;MG;6386
3150703;MG;6491
3150802;MG;17641
3150901;MG;5504
3151008;MG;8683
3151107;MG;10791
3151206;MG;56845
3151305;MG;10732
3151404;MG;28433
3151503;MG;35137
3151602;MG;12445
3151701;MG;16900
3151800;MG;169838
3151909;MG;8288
3152006;MG;32248
3152105;MG;60003
3152131;MG;4305
3152170;MG;12235
3152204;MG;37823
3152303;MG;11414
3152402;MG;16675
3152501;MG;154293
3152600;MG;5862
3152709;MG;9128
3152808;MG;28173
3152907;MG;8530
3153004;MG;3658
3153103;MG;5315
3153202;MG;3572
3153301;MG;3000
3153400;MG;19680
3153509;MG;8286
3153608;MG;10931
3153707;MG;3603
3153806;MG;1948
3153905;MG;16501
3154002;MG;23663
3154101;MG;10522
3154150;MG;7247
3154200;MG;11578
3154309;MG;17396
3154408;MG;4826
3154457;MG;8132
3154507;MG;9471
3154606;MG;341415
3154705;MG;4061
3154804;MG;10524
3154903;MG;13384
3155009;MG;2630
3155108;MG;5117
3155207;MG;5332
3155306;MG;5924
3155405;MG;8964
3155504;MG;12356
3155603;MG;31171
3155702;MG;14325
3155801;MG;18007
3155900;MG;5493
3156007;MG;12635
3156106;MG;4521
3156205;MG;2335
3156304;MG;8333
3156403;MG;3507
3156452;MG;4648
3156502;MG;5609
3156601;MG;10269
3156700;MG;137877
3156809;MG;15364
3156908;MG;26556
3157005;MG;41864
3157104;MG;7014
3157203;MG;31873
3157252;MG;8212
3157278;MG;3212
3157302;MG;4385
3157336;MG;8723
3157377;MG;4074
3157401;MG;4693
3157500;MG;4354
3157609;MG;3806
3157658;MG;6406
3157708;MG;14497
3157807;MG;221705
3157906;MG;16393
3158003;MG;10867
3158102;MG;5203
3158201;MG;14607
3158300;MG;7047
3158409;MG;3909
3158508;MG;7538
3158607;MG;3985
3158706;MG;2494
3158805;MG;4847
3158904;MG;8660
3158953;MG;36048
3159001;MG;4334
3159100;MG;3753
3159209;MG;8900
3159308;MG;4843
3159357;MG;7322
3159407;MG;3380
3159506;MG;5426
3159605;MG;44226
3159704;MG;3364
3159803;MG;19997
3159902;MG;18697
3160009;MG;3602
3160108;MG;3861
3160207;MG;3763
3160306;MG;11570
3160405;MG;28603
3160454;MG;7316
3160504;MG;1756
3160603;MG;3044
3160702;MG;46357
3160801;MG;5411
3160900;MG;3770
3160959;MG;5672
3161007;MG;17296
3161056;MG;3354
3161106;MG;56625
3161205;MG;6512
3161304;MG;6309
3161403;MG;4758
3161502;MG;12751
3161601;MG;3860
3161650;MG;4104
3161700;MG;8527
3161809;MG;12776
3161908;MG;11114
3162005;MG;25670
3162104;MG;36084
3162203;MG;7541
3162252;MG;4949
3162302;MG;2743
3162401;MG;25033
3162450;MG;13232
3162500;MG;90897
3162559;MG;11785
3162575;MG;5975
3162609;MG;7393
3162658;MG;4476
3162708;MG;23797
3162807;MG;15761
3162906;MG;26530
3162922;MG;32696
3162948;MG;7532
3162955;MG;24490
3163003;MG;4291
3163102;MG;5151
3163201;MG;4222
3163300;MG;3851
3163409;MG;5356
3163508;MG;6409
3163607;MG;2821
3163706;MG;46539
3163805;MG;6949
3163904;MG;4563
3164001;MG;7634
3164100;MG;5160
3164209;MG;12713
3164308;MG;7100
3164407;MG;5598
3164431;MG;3039
3164472;MG;6697
3164506;MG;9884
3164605;MG;6948
3164704;MG;71915
3164803;MG;1478
3164902;MG;2259
3165008;MG;10979
3165107;MG;6980
3165206;MG;7151
3165305;MG;7876
3165404;MG;7045
3165503;MG;6421
3165537;MG;34050
3165552;MG;12493
3165560;MG;2579
3165578;MG;5365
3165602;MG;2001
3165701;MG;7902
3165800;MG;1422
3165909;MG;4056
3166006;MG;5786
3166105;MG;3516
3166204;MG;10474
3166303;MG;7340
3166402;MG;1857
3166501;MG;4292
3166600;MG;771
3166709;MG;8725
3166808;MG;11750
3166907;MG;7667
3166956;MG;4836
3167004;MG;1949
3167103;MG;20915
3167202;MG;243950
3167301;MG;2267
3167400;MG;6258
3167509;MG;2621
3167608;MG;19834
3167707;MG;5476
3167806;MG;6226
3167905;MG;3669
3168002;MG;34653
3168051;MG;3093
3168101;MG;4890
3168200;MG;1869
3168309;MG;4120
3168408;MG;14280
3168507;MG;11680
3168606;MG;141269
3168705;MG;91268
3168804;MG;8160
3168903;MG;6369
3169000;MG;16769
3169059;MG;4117
3169109;MG;6336
3169208;MG;7683
3169307;MG;80561
3169356;MG;33062
3169406;MG;57127
3169505;MG;6797
3169604;MG;25466
3169703;MG;20280
3169802;MG;5099
3169901;MG;117995
3170008;MG;12661
3170057;MG;12514
3170107;MG;340277
3170206;MG;706597
3170305;MG;2582
3170404;MG;85461
3170438;MG;4265
3170479;MG;3256
3170503;MG;10333
3170529;MG;17470
3170578;MG;6460
3170602;MG;2143
3170651;MG;5045
3170701;MG;137608
3170750;MG;7235
3170800;MG;40101
3170909;MG;19290
3171006;MG;20692
3171030;MG;9527
3171071;MG;5733
3171105;MG;4090
3171154;MG;4852
3171204;MG;131849
3171303;MG;79910
3171402;MG;3570
3171501;MG;3157
3171600;MG;13729
3171709;MG;8652
3171808;MG;10459
3171907;MG;5303
3172004;MG;43351
3172103;MG;5270
3172202;MG;2543
3200102;ES;30326
3200136;ES;9621
3200169;ES;10801
3200201;ES;29869
3200300;ES;14670
3200359;ES;7911
3200409;ES;30285
3200508;ES;7542
3200607;ES;104942
3200706;ES;12270
3200805;ES;31263
3200904;ES;45301
3201001;ES;15146
3201100;ES;9988
3201159;ES;12450
3201209;ES;212172
3201308;ES;386495
3201407;ES;37956
3201506;ES;124283
3201605;ES;31479
3201704;ES;12887
3201803;ES;4236
3201902;ES;34120
3202009;ES;6793
3202108;ES;22748
3202207;ES;22379
3202256;ES;13047
3202306;ES;31372
3202405;ES;128504
3202454;ES;26762
3202504;ES;12701
3202553;ES;8830
3202603;ES;14083
3202652;ES;13672
3202702;ES;13982
3202801;ES;34957
3202900;ES;10433
3203007;ES;29417
3203056;ES;31589
3203106;ES;12336
3203130;ES;16774
3203163;ES;10919
3203205;ES;179755
3203304;ES;15653
3203320;ES;39259
3203346;ES;17141
3203353;ES;13091
3203403;ES;26079
3203502;ES;18954
3203601;ES;5468
3203700;ES;17176
3203809;ES;15602
3203908;ES;50751
3204005;ES;23426
3204054;ES;26575
3204104;ES;27601
3204203;ES;22388
3204252;ES;8016
3204302;ES;11741
3204351;ES;19398
3204401;ES;11630
3204500;ES;12171
3204559;ES;41588
3204609;ES;23853
3204658;ES;8735
3204708;ES;39085
3204807;ES;10536
3204906;ES;134629
3204955;ES;12602
3205002;ES;536765
3205010;ES;31278
3205036;ES;21778
3205069;ES;26204
3205101;ES;80735
3205150;ES;9280
3205176;ES;14065
3205200;ES;508655
3205309;ES;369534
3300100;RJ;210171
3300159;RJ;12036
3300209;RJ;136109
3300225;RJ;12763
3300233;RJ;35060
3300258;RJ;30827
3300308;RJ;101139
3300407;RJ;185237
3300456;RJ;515239
3300506;RJ;27779
3300605;RJ;37306
3300704;RJ;234077
3300803;RJ;59652
3300902;RJ;15521
3300936;RJ;16859
3300951;RJ;8590
3301009;RJ;514643
3301108;RJ;20163
3301157;RJ;12818
3301207;RJ;19161
3301306;RJ;45864
3301405;RJ;23561
3301504;RJ;22152
3301603;RJ;11563
3301702;RJ;929449
3301801;RJ;14138
3301850;RJ;62225
3301876;RJ;29344
3301900;RJ;244416
3302007;RJ;136547
3302056;RJ;15387
3302106;RJ;23211
3302205;RJ;104354
3302254;RJ;32312
3302270;RJ;106296
3302304;RJ;7298
3302403;RJ;266136
3302452;RJ;5646
3302502;RJ;247741
3302601;RJ;45941
3302700;RJ;167668
3302809;RJ;18681
3302858;RJ;177016
3302908;RJ;25622
3303005;RJ;27134
3303104;RJ;15305
3303203;RJ;162893
3303302;RJ;516981
3303401;RJ;191664
3303500;RJ;825388
3303609;RJ;53093
3303708;RJ;44741
3303807;RJ;44175
3303856;RJ;27942
3303906;RJ;307144
3303955;RJ;25563
3304003;RJ;29802
3304102;RJ;19068
3304110;RJ;20254
3304128;RJ;14562
3304144;RJ;152311
3304151;RJ;25535
3304201;RJ;133244
3304300;RJ;60930
3304409;RJ;18677
3304508;RJ;9401
3304524;RJ;159529
3304557;RJ;6775561
3304607;RJ;10380
3304706;RJ;42705
3304755;RJ;42214
3304805;RJ;38749
3304904;RJ;1098357
3305000;RJ;36731
3305109;RJ;473385
3305133;RJ;7240
3305158;RJ;22032
3305208;RJ;107556
3305307;RJ;9416
3305406;RJ;18270
3305505;RJ;91938
3305554;RJ;83841
3305604;RJ;21775
3305703;RJ;15709
3305752;RJ;34898
3305802;RJ;185820
3305901;RJ;10653
3306008;RJ;82468
3306107;RJ;77202
3306156;RJ;11208
3306206;RJ;37262
3306305;RJ;274925
3500105;SP;35153
3500204;SP;3545
3500303;SP;36981
3500402;SP;8262
3500501;SP;18908
3500550;SP;6142
3500600;SP;3588
3500709;SP;37582
3500758;SP;6231
3500808;SP;4201
3500907;SP;4211
3501004;SP;16221
3501103;SP;4078
3501152;SP;18903
3501202;SP;3616
3501301;SP;25078
3501400;SP;5320
3501509;SP;3251
3501608;SP;244370
3501707;SP;41545
3501806;SP;5993
3501905;SP;73145
3502002;SP;5115
3502101;SP;57245
3502200;SP;25724
3502309;SP;6911
3502408;SP;4172
3502507;SP;36211
3502606;SP;4122
3502705;SP;24081
3502754;SP;23343
3502804;SP;199210
3502903;SP;35389
3503000;SP;5689
3503109;SP;6373
3503158;SP;2452
3503208;SP;240542
3503307;SP;136739
3503356;SP;1755
3503406;SP;8665
3503505;SP;3906
3503604;SP;11186
3503703;SP;9851
3503802;SP;56247
3503901;SP;92453
3503950;SP;1815
3504008;SP;105768
3504107;SP;145378
3504206;SP;15316
3504305;SP;5467
3504404;SP;14063
3504503;SP;91792
3504602;SP;18013
3504701;SP;6127
3504800;SP;9209
3504909;SP;11039
3505005;SP;3525
3505104;SP;7532
3505203;SP;35844
3505302;SP;36125
3505351;SP;5794
3505401;SP;7606
3505500;SP;123546
3505609;SP;33537
3505708;SP;279704
3505807;SP;20952
3505906;SP;63438
3506003;SP;381706
3506102;SP;77612
3506201;SP;3028
3506300;SP;11168
3506359;SP;66154
3506409;SP;8197
3506508;SP;126094
3506607;SP;33265
3506706;SP;15111
3506805;SP;12571
3506904;SP;12107
3507001;SP;63310
3507100;SP;26506
3507159;SP;4013
3507209;SP;839
3507308;SP;4913
3507407;SP;16278
3507456;SP;2713
3507506;SP;149718
3507605;SP;172346
3507704;SP;5795
3507753;SP;2911
3507803;SP;25605
3507902;SP;24862
3508009;SP;20050
3508108;SP;17414
3508207;SP;4547
3508306;SP;4222
3508405;SP;51130
3508504;SP;95752
3508603;SP;33827
3508702;SP;19031
3508801;SP;17917
3508900;SP;4195
3509007;SP;104044
3509106;SP;6017
3509205;SP;79034
3509254;SP;28441
3509304;SP;10649
3509403;SP;26613
3509452;SP;6088
3509502;SP;1223237
3509601;SP;86407
3509700;SP;52713
3509809;SP;5028
3509908;SP;12542
3509957;SP;5268
3510005;SP;31410
3510104;SP;2805
3510153;SP;5365
3510203;SP;47098
3510302;SP;21257
3510401;SP;56973
3510500;SP;125194
3510609;SP;405375
3510708;SP;12371
3510807;SP;30655
3510906;SP;2488
3511003;SP;21521
3511102;SP;123114
3511201;SP;7905
3511300;SP;9452
3511409;SP;20391
3511508;SP;50631
3511607;SP;18595
3511706;SP;17539
3511904;SP;8894
3512001;SP;18601
3512100;SP;6223
3512209;SP;28491
3512308;SP;18138
3512407;SP;25116
3512506;SP;6197
3512605;SP;4591
3512704;SP;4072
3512803;SP;74662
3512902;SP;7289
3513009;SP;257882
3513108;SP;35858
3513207;SP;8803
3513306;SP;2021
3513405;SP;82895
3513504;SP;132521
3513603;SP;21373
3513702;SP;34097
3513801;SP;429550
3513850;SP;1805
3513900;SP;11027
3514007;SP;9088
3514106;SP;27704
3514205;SP;2108
3514304;SP;8883
3514403;SP;47287
3514502;SP;12421
3514601;SP;10174
3514700;SP;6026
3514809;SP;15592
3514908;SP;18095
3514924;SP;3742
3514957;SP;2446
3515004;SP;279264
3515103;SP;70402
3515129;SP;3238
3515152;SP;21712
3515186;SP;44607
3515194;SP;4926
3515202;SP;8420
3515301;SP;2774
3515350;SP;9280
3515400;SP;16102
3515509;SP;69680
3515608;SP;5805
3515657;SP;1739
3515707;SP;198661
3515806;SP;1397
3515905;SP;2884
3516002;SP;14936
3516101;SP;2631
3516200;SP;358539
3516309;SP;179372
3516408;SP;158438
3516507;SP;2776
3516606;SP;6419
3516705;SP;44429
3516804;SP;4911
3516853;SP;4841
3516903;SP;10855
3517000;SP;11485
3517109;SP;4842
3517208;SP;12416
3517307;SP;5806
3517406;SP;41283
3517505;SP;22087
3517604;SP;16896
3517703;SP;21394
3517802;SP;8258
3517901;SP;11382
3518008;SP;1996
3518107;SP;6685
3518206;SP;33257
3518305;SP;30465
3518404;SP;123192
3518503;SP;19244
3518602;SP;40857
3518701;SP;324977
3518800;SP;1404694
3518859;SP;7760
3518909;SP;5346
3519006;SP;9649
3519055;SP;15605
3519071;SP;237570
3519105;SP;12002
3519204;SP;6269
3519253;SP;9786
3519303;SP;35830
3519402;SP;12639
3519501;SP;7926
3519600;SP;61150
3519709;SP;80062
3519808;SP;8363
3519907;SP;8228
3520004;SP;24821
3520103;SP;30791
3520202;SP;9631
3520301;SP;31117
3520400;SP;36194
3520426;SP;11552
3520442;SP;26886
3520509;SP;260690
3520608;SP;4873
3520707;SP;3876
3520806;SP;4045
3520905;SP;15165
3521002;SP;38771
3521101;SP;7824
3521150;SP;5557
3521200;SP;4180
3521309;SP;16794
3521408;SP;24982
3521507;SP;8101
3521606;SP;8356
3521705;SP;17405
3521804;SP;27632
3521903;SP;15331
3522000;SP;3937
3522109;SP;104351
3522158;SP;3332
3522208;SP;179574
3522307;SP;167106
3522406;SP;95241
3522505;SP;244131
3522604;SP;75683
3522653;SP;4294
3522703;SP;43536
3522802;SP;15197
3522901;SP;14297
3523008;SP;4994
3523107;SP;379082
3523206;SP;50778
3523305;SP;17754
3523404;SP;124254
3523503;SP;21139
3523602;SP;18610
3523701;SP;6587
3523800;SP;7862
3523909;SP;177150
3524006;SP;64330
3524105;SP;42259
3524204;SP;6963
3524303;SP;78029
3524402;SP;237119
3524501;SP;7322
3524600;SP;17911
3524709;SP;59921
3524808;SP;49291
3524907;SP;6828
3525003;SP;127734
3525102;SP;45544
3525201;SP;31173
3525300;SP;153463
3525409;SP;3143
3525508;SP;13453
3525607;SP;4577
3525706;SP;37707
3525805;SP;4824
3525854;SP;3467
3525904;SP;426935
3526001;SP;20978
3526100;SP;18627
3526209;SP;31844
3526308;SP;4882
3526407;SP;29047
3526506;SP;12581
3526605;SP;7361
3526704;SP;105273
3526803;SP;69533
3526902;SP;310783
3527009;SP;8201
3527108;SP;78978
3527207;SP;89532
3527256;SP;2311
3527306;SP;51007
3527405;SP;22022
3527504;SP;2412
3527603;SP;15628
3527702;SP;5918
3527801;SP;4608
3527900;SP;2623
3528007;SP;17263
3528106;SP;8174
3528205;SP;3686
3528304;SP;3086
3528403;SP;47723
3528502;SP;103645
3528601;SP;9972
3528700;SP;6039
3528809;SP;14069
3528858;SP;3097
3528908;SP;4098
3529005;SP;242249
3529104;SP;2101
3529203;SP;26791
3529302;SP;84069
3529401;SP;481725
3529500;SP;5638
3529609;SP;3813
3529658;SP;1903
3529708;SP;22480
3529807;SP;13023
3529906;SP;19511
3530003;SP;3125
3530102;SP;29844
3530201;SP;18415
3530300;SP;60768
3530409;SP;4966
3530508;SP;69072
3530607;SP;455587
3530706;SP;154146
3530805;SP;94098
3530904;SP;3523
3531001;SP;2274
3531100;SP;58567
3531209;SP;8181
3531308;SP;51039
3531407;SP;25651
3531506;SP;18928
3531605;SP;4166
3531704;SP;4739
3531803;SP;61707
3531902;SP;33598
3532009;SP;13936
3532058;SP;4831
3532108;SP;4525
3532157;SP;3215
3532207;SP;4950
3532306;SP;6624
3532405;SP;18866
3532504;SP;8917
3532603;SP;11575
3532702;SP;5381
3532801;SP;7161
3532827;SP;9962
3532843;SP;1824
3532868;SP;1290
3532900;SP;11519
3533007;SP;21871
3533106;SP;2333
3533205;SP;4135
3533254;SP;6057
3533304;SP;4217
3533403;SP;61716
3533502;SP;41765
3533601;SP;7522
3533700;SP;4294
3533809;SP;2447
3533908;SP;55477
3534005;SP;4462
3534104;SP;6569
3534203;SP;7318
3534302;SP;44682
3534401;SP;701428
3534500;SP;2603
3534609;SP;33118
3534708;SP;115139
3534757;SP;10712
3534807;SP;8676
3534906;SP;14326
3535002;SP;13285
3535101;SP;13691
3535200;SP;9173
3535309;SP;22322
3535408;SP;15944
3535507;SP;46180
3535606;SP;18302
3535705;SP;6536
3535804;SP;20588
3535903;SP;4112
3536000;SP;10934
3536109;SP;6579
3536208;SP;19797
3536257;SP;2177
3536307;SP;14941
3536406;SP;7540
3536505;SP;114508
3536570;SP;1835
3536604;SP;8973
3536703;SP;47523
3536802;SP;6127
3536901;SP;2468
3537008;SP;16876
3537107;SP;48992
3537156;SP;3109
3537206;SP;11507
3537305;SP;64098
3537404;SP;25685
3537503;SP;8875
3537602;SP;69697
3537701;SP;6093
3537800;SP;55731
3537909;SP;29612
3538006;SP;171885
3538105;SP;17378
3538204;SP;15564
3538303;SP;3706
3538501;SP;13495
3538600;SP;27617
3538709;SP;410275
3538808;SP;29930
3538907;SP;25939
3539004;SP;11524
3539103;SP;19453
3539202;SP;27974
3539301;SP;77330
3539400;SP;13890
3539509;SP;40430
3539608;SP;5370
3539707;SP;3606
3539806;SP;119221
3539905;SP;6166
3540002;SP;22326
3540101;SP;3385
3540200;SP;51717
3540259;SP;4719
3540309;SP;2576
3540408;SP;4136
3540507;SP;10205
3540606;SP;53698
3540705;SP;56848
3540754;SP;25603
3540804;SP;17668
3540853;SP;4327
3540903;SP;22239
3541000;SP;336454
3541059;SP;5371
3541109;SP;4067
3541208;SP;12943
3541307;SP;44572
3541406;SP;231953
3541505;SP;39648
3541604;SP;41211
3541653;SP;3902
3541703;SP;14309
3541802;SP;3513
3541901;SP;13788
3542008;SP;6736
3542107;SP;9126
3542206;SP;29743
3542305;SP;3827
3542404;SP;20523
3542503;SP;10047
3542602;SP;56463
3542701;SP;7762
3542800;SP;3320
3542909;SP;13376
3543006;SP;15984
3543105;SP;4786
3543204;SP;4537
3543238;SP;2222
3543253;SP;7686
3543303;SP;125238
3543402;SP;720116
3543501;SP;5364
3543600;SP;3651
3543709;SP;10824
3543808;SP;9940
3543907;SP;209548
3544004;SP;36233
3544103;SP;52009
3544202;SP;12856
3544251;SP;15929
3544301;SP;10888
3544400;SP;3195
3544509;SP;3191
3544608;SP;5638
3544707;SP;2427
3544806;SP;6481
3544905;SP;12103
3545001;SP;17363
3545100;SP;5372
3545159;SP;8498
3545209;SP;120779
3545308;SP;46285
3545407;SP;9396
3545506;SP;4405
3545605;SP;15639
3545704;SP;6036
3545803;SP;195278
3546009;SP;14925
3546108;SP;2111
3546207;SP;4584
3546256;SP;2166
3546306;SP;35102
3546405;SP;48207
3546504;SP;5577
3546603;SP;32796
3546702;SP;27850
3546801;SP;58529
3546900;SP;8889
3547007;SP;6298
3547106;SP;2947
3547205;SP;1448
3547304;SP;145073
3547403;SP;2476
3547502;SP;27641
3547601;SP;26960
3547650;SP;1558
3547700;SP;20855
3547809;SP;723889
3547908;SP;7024
3548005;SP;23742
3548054;SP;8541
3548104;SP;5926
3548203;SP;6843
3548302;SP;3159
3548401;SP;4856
3548500;SP;433991
3548609;SP;10907
3548708;SP;849874
3548807;SP;162763
3548906;SP;256915
3549003;SP;2813
3549102;SP;92315
3549201;SP;2555
3549250;SP;1942
3549300;SP;2095
3549409;SP;52737
3549508;SP;8991
3549607;SP;4141
3549706;SP;55298
3549805;SP;469173
3549904;SP;737310
3549953;SP;16127
3550001;SP;10693
3550100;SP;41287
3550209;SP;33071
3550308;SP;12396372
3550407;SP;36298
3550506;SP;7724
3550605;SP;93076
3550704;SP;91637
3550803;SP;12137
3550902;SP;15446
3551009;SP;370839
3551108;SP;10493
3551207;SP;3623
3551306;SP;3595
3551405;SP;15292
3551504;SP;46166
3551603;SP;29669
3551702;SP;128432
3551801;SP;12731
3551900;SP;17820
3552007;SP;6375
3552106;SP;41690
3552205;SP;695328
3552304;SP;7738
3552403;SP;289875
3552502;SP;303397
3552551;SP;4063
3552601;SP;12561
3552700;SP;16787
3552809;SP;297528
3552908;SP;6371
3553005;SP;14415
3553104;SP;6346
3553203;SP;5562
3553302;SP;23255
3553401;SP;26231
3553500;SP;7725
3553609;SP;12940
3553658;SP;2815
3553708;SP;57547
3553807;SP;23292
3553856;SP;5968
3553906;SP;7609
3553955;SP;15361
3554003;SP;124134
3554102;SP;320820
3554201;SP;4452
3554300;SP;23395
3554409;SP;9502
3554508;SP;42946
3554607;SP;2647
3554656;SP;2432
3554706;SP;10100
3554755;SP;1752
3554805;SP;48228
3554904;SP;5856
3554953;SP;7058
3555000;SP;65615
3555109;SP;15670
3555208;SP;2024
3555307;SP;1667
3555356;SP;6488
3555406;SP;92819
3555505;SP;4828
3555604;SP;10191
3555703;SP;1886
3555802;SP;9125
3555901;SP;1142
3556008;SP;13965
3556107;SP;13732
3556206;SP;133169
3556305;SP;27154
3556354;SP;10842
3556404;SP;43368
3556453;SP;54315
3556503;SP;124269
3556602;SP;10804
3556701;SP;81516
3556800;SP;19133
3556909;SP;9163
3556958;SP;1852
3557006;SP;124468
3557105;SP;96106
3557154;SP;2784
3557204;SP;12418
3557303;SP;11507
4100103;PR;7360
4100202;PR;5797
4100301;PR;9567
4100400;PR;121420
4100459;PR;1429
4100509;PR;22293
4100608;PR;14945
4100707;PR;9722
4100806;PR;11598
4100905;PR;6405
4101002;PR;19466
4101051;PR;2774
4101101;PR;19823
4101150;PR;2931
4101200;PR;18919
4101309;PR;7421
4101408;PR;137438
4101507;PR;126545
4101606;PR;28480
4101655;PR;2951
4101705;PR;14029
4101804;PR;148522
4101853;PR;2026
4101903;PR;14792
4102000;PR;33306
4102109;PR;26304
4102208;PR;3871
4102307;PR;13238
4102406;PR;31061
4102505;PR;11287
4102604;PR;10347
4102703;PR;2781
4102752;PR;3404
4102802;PR;15400
4102901;PR;16411
4103008;PR;3991
4103024;PR;2437
4103040;PR;6343
4103057;PR;7524
4103107;PR;13308
4103156;PR;3472
4103206;PR;7103
4103222;PR;3244
4103305;PR;6290
4103354;PR;5338
4103370;PR;2521
4103404;PR;2973
4103453;PR;18783
4103479;PR;3975
4103503;PR;8641
4103602;PR;25569
4103701;PR;108126
4103800;PR;7967
4103909;PR;13888
4103958;PR;3831
4104006;PR;44072
4104055;PR;3694
4104105;PR;8118
4104204;PR;135678
4104253;PR;30151
4104303;PR;96102
4104402;PR;14606
4104428;PR;16126
4104451;PR;13340
4104501;PR;19172
4104600;PR;15887
4104659;PR;24225
4104709;PR;14391
4104808;PR;336073
4104907;PR;72125
4105003;PR;10144
4105102;PR;10704
4105201;PR;17884
4105300;PR;11872
4105409;PR;19083
4105508;PR;84980
4105607;PR;12939
4105706;PR;16344
4105805;PR;249277
4105904;PR;24271
4106001;PR;8896
4106100;PR;3891
4106209;PR;19082
4106308;PR;17162
4106407;PR;47840
4106456;PR;7538
4106506;PR;20430
4106555;PR;3038
4106571;PR;4229
4106605;PR;20962
4106704;PR;4430
4106803;PR;18772
4106852;PR;2892
4106902;PR;1963726
4107009;PR;15289
4107108;PR;4975
4107124;PR;3409
4107157;PR;5279
4107207;PR;41424
4107256;PR;8988
4107306;PR;5987
4107405;PR;5906
4107504;PR;13962
4107520;PR;1633
4107538;PR;4651
4107546;PR;3980
4107553;PR;2995
4107603;PR;17379
4107652;PR;103750
4107702;PR;4734
4107736;PR;5561
4107751;PR;7625
4107801;PR;4883
4107850;PR;4583
4107900;PR;6926
4108007;PR;10360
4108106;PR;2709
4108205;PR;6345
4108304;PR;257971
4108320;PR;5942
4108403;PR;93308
4108452;PR;4466
4108502;PR;13661
4108551;PR;2850
4108601;PR;28734
4108650;PR;6997
4108700;PR;5379
4108809;PR;33497
4108908;PR;6635
4108957;PR;8881
4109005;PR;3767
4109104;PR;2239
4109203;PR;5557
4109302;PR;11969
4109401;PR;183755
4109500;PR;7554
4109609;PR;37974
4109658;PR;5030
4109708;PR;31854
4109757;PR;6387
4109807;PR;55688
4109906;PR;7671
4110003;PR;4475
4110052;PR;2251
4110078;PR;13449
4110102;PR;33306
4110201;PR;11117
4110300;PR;3122
4110409;PR;4472
4110508;PR;15327
4110607;PR;13642
4110656;PR;2216
4110706;PR;61439
4110805;PR;10029
4110904;PR;4426
4110953;PR;11588
4111001;PR;6516
4111100;PR;6110
4111209;PR;12220
4111258;PR;29493
4111308;PR;2700
4111407;PR;14049
4111506;PR;31886
4111555;PR;8294
4111605;PR;3299
4111704;PR;5332
4111803;PR;39268
4111902;PR;13861
4112009;PR;35192
4112108;PR;21281
4112207;PR;4948
4112306;PR;4929
4112405;PR;9573
4112504;PR;11067
4112603;PR;1309
4112702;PR;12687
4112751;PR;8251
4112801;PR;12108
4112900;PR;3248
4112959;PR;7244
4113007;PR;7069
4113106;PR;3996
4113205;PR;48651
4113254;PR;5719
4113304;PR;32167
4113403;PR;3896
4113429;PR;3155
4113452;PR;4488
4113502;PR;23393
4113601;PR;4850
4113700;PR;580870
4113734;PR;7217
4113759;PR;4695
4113809;PR;4969
4113908;PR;13697
4114005;PR;12900
4114104;PR;23373
4114203;PR;34628
4114302;PR;27750
4114351;PR;2442
4114401;PR;16572
4114500;PR;13517
4114609;PR;54031
4114708;PR;5593
4114807;PR;36103
4114906;PR;8793
4115002;PR;7093
4115101;PR;10327
4115200;PR;436472
4115309;PR;6655
4115358;PR;5562
4115408;PR;14407
4115457;PR;4283
4115507;PR;4676
4115606;PR;18266
4115705;PR;35705
4115739;PR;3142
4115754;PR;10994
4115804;PR;46940
4115853;PR;5617
4115903;PR;2180
4116000;PR;1786
4116059;PR;10706
4116109;PR;11966
4116208;PR;16485
4116307;PR;4034
4116406;PR;4009
4116505;PR;1560
4116604;PR;3424
4116703;PR;10131
4116802;PR;4827
4116901;PR;28062
4116950;PR;5014
4117008;PR;8120
4117057;PR;11462
4117107;PR;13188
4117206;PR;5846
4117214;PR;4304
4117222;PR;8311
4117255;PR;10540
4117271;PR;5252
4117297;PR;2836
4117305;PR;21783
4117404;PR;3423
4117453;PR;6036
4117503;PR;42251
4117602;PR;52503
4117701;PR;34109
4117800;PR;12755
4117909;PR;32389
4118006;PR;14211
4118105;PR;11685
4118204;PR;157378
4118303;PR;3277
4118402;PR;89454
4118451;PR;5755
4118501;PR;84779
4118600;PR;5942
4118709;PR;7418
4118808;PR;14017
4118857;PR;6194
4118907;PR;11406
4119004;PR;6232
4119103;PR;13015
4119152;PR;134788
4119202;PR;6323
4119251;PR;2742
4119301;PR;32722
4119400;PR;25779
4119509;PR;116852
4119608;PR;29686
4119657;PR;3298
4119707;PR;4281
4119806;PR;13385
4119905;PR;358838
4119954;PR;28529
4120002;PR;12587
4120101;PR;4899
4120150;PR;3133
4120200;PR;2554
4120309;PR;4057
4120333;PR;3806
4120358;PR;5035
4120408;PR;5395
4120507;PR;11138
4120606;PR;52776
4120655;PR;4420
4120705;PR;7504
4120804;PR;24253
4120853;PR;4043
4120903;PR;34707
4121000;PR;12257
4121109;PR;4444
4121208;PR;19388
4121257;PR;4500
4121307;PR;3760
4121356;PR;2602
4121406;PR;16976
4121505;PR;14991
4121604;PR;6772
4121703;PR;26933
4121752;PR;8127
4121802;PR;10622
4121901;PR;12869
4122008;PR;15433
4122107;PR;3162
4122156;PR;13240
4122172;PR;4121
4122206;PR;32635
4122305;PR;34645
4122404;PR;68165
4122503;PR;9447
4122602;PR;9664
4122651;PR;4595
4122701;PR;6954
4122800;PR;3389
4122909;PR;4862
4123006;PR;14957
4123105;PR;3208
4123204;PR;3253
4123303;PR;7705
4123402;PR;12330
4123501;PR;27036
4123600;PR;1568
4123709;PR;8484
4123808;PR;14924
4123824;PR;3795
4123857;PR;9210
4123907;PR;11523
4123956;PR;4052
4124004;PR;4916
4124020;PR;10055
4124053;PR;23927
4124103;PR;46503
4124202;PR;2611
4124301;PR;2032
4124400;PR;20354
4124509;PR;5422
4124608;PR;6961
4124707;PR;11088
4124806;PR;10122
4124905;PR;5819
4125001;PR;9897
4125100;PR;15359
4125209;PR;9005
4125308;PR;5535
4125357;PR;5532
4125407;PR;6115
4125456;PR;3601
4125506;PR;334620
4125555;PR;2165
4125605;PR;47137
4125704;PR;27696
4125753;PR;5745
4125803;PR;11109
4125902;PR;2265
4126009;PR;8865
4126108;PR;5778
4126207;PR;6708
4126256;PR;98888
4126272;PR;5578
4126306;PR;19441
4126355;PR;4460
4126405;PR;5149
4126504;PR;16456
4126603;PR;21476
4126652;PR;2880
4126678;PR;15277
4126702;PR;5196
4126801;PR;16480
4126900;PR;5452
4127007;PR;12761
4127106;PR;80588
4127205;PR;17304
4127304;PR;17054
4127403;PR;17562
4127502;PR;20688
4127601;PR;17295
4127700;PR;144601
4127809;PR;7699
4127858;PR;12036
4127882;PR;9269
4127908;PR;8502
4127957;PR;8105
4127965;PR;12977
4128005;PR;20809
4128104;PR;113416
4128203;PR;58298
4128302;PR;2623
4128401;PR;11233
4128500;PR;19358
4128534;PR;12267
4128559;PR;8389
4128609;PR;7094
4128625;PR;2630
4128633;PR;5525
4128658;PR;4051
4128708;PR;6879
4128807;PR;5584
4200051;SC;2534
4200101;SC;18015
4200200;SC;11160
4200309;SC;5570
4200408;SC;7160
4200507;SC;6544
4200556;SC;2341
4200606;SC;6646
4200705;SC;10136
4200754;SC;1915
4200804;SC;5477
4200903;SC;4686
4201000;SC;6783
4201109;SC;3223
4201208;SC;8712
4201257;SC;10951
4201273;SC;4268
4201307;SC;40890
4201406;SC;69493
4201505;SC;8843
4201604;SC;3547
4201653;SC;2228
4201703;SC;8021
4201802;SC;3179
4201901;SC;5687
4201950;SC;13782
4202008;SC;149227
4202057;SC;11271
4202073;SC;11537
4202081;SC;2618
4202099;SC;1625
4202107;SC;30539
4202131;SC;6386
4202156;SC;2712
4202206;SC;11896
4202305;SC;70471
4202404;SC;366418
4202438;SC;3501
4202453;SC;20889
4202503;SC;4801
4202537;SC;3104
4202578;SC;2136
4202602;SC;10153
4202701;SC;5396
4202800;SC;34294
4202859;SC;3794
4202875;SC;2318
4202909;SC;140597
4203006;SC;80017
4203105;SC;6112
4203154;SC;3325
4203204;SC;87179
4203253;SC;2467
4203303;SC;11985
4203402;SC;6889
4203501;SC;8312
4203600;SC;36861
4203709;SC;12553
4203808;SC;54558
4203907;SC;23218
4203956;SC;25477
4204004;SC;11106
4204103;SC;3462
4204152;SC;2709
4204178;SC;3013
4204194;SC;3025
4204202;SC;227587
4204251;SC;16956
4204301;SC;75683
4204350;SC;4585
4204400;SC;9900
4204459;SC;2560
4204509;SC;16300
4204558;SC;12315
4204608;SC;219393
4204707;SC;11150
4204756;SC;1972
4204806;SC;40037
4204905;SC;8136
4205001;SC;15592
4205100;SC;4224
4205159;SC;4164
4205175;SC;3232
4205191;SC;2059
4205209;SC;4423
4205308;SC;10630
4205357;SC;1575
4205407;SC;516524
4205431;SC;2481
4205456;SC;27621
4205506;SC;36723
4205555;SC;1918
4205605;SC;2711
4205704;SC;24070
4205803;SC;18816
4205902;SC;71925
4206009;SC;14739
4206108;SC;6621
4206207;SC;11652
4206306;SC;24922
4206405;SC;9964
4206504;SC;46757
4206603;SC;5196
4206652;SC;4692
4206702;SC;22820
4206751;SC;1952
4206801;SC;3154
4206900;SC;19238
4207007;SC;58055
4207106;SC;14531
4207205;SC;9764
4207304;SC;45711
4207403;SC;6284
4207502;SC;72346
4207577;SC;2979
4207601;SC;4367
4207650;SC;9093
4207684;SC;7643
4207700;SC;7647
4207759;SC;3901
4207809;SC;10575
4207858;SC;1887
4207908;SC;11354
4208005;SC;6091
4208104;SC;21889
4208203;SC;226617
4208302;SC;69323
4208401;SC;17139
4208450;SC;21766
4208500;SC;25619
4208609;SC;3899
4208708;SC;10337
4208807;SC;20547
4208906;SC;184579
4208955;SC;1520
4209003;SC;30684
4209102;SC;604708
4209151;SC;5019
4209177;SC;2083
4209201;SC;2248
4209300;SC;157158
4209409;SC;46424
4209458;SC;1408
4209508;SC;7154
4209607;SC;15380
4209706;SC;12122
4209805;SC;2960
4209854;SC;4530
4209904;SC;12497
4210001;SC;13347
4210035;SC;5683
4210050;SC;1757
4210100;SC;56825
4210209;SC;3465
4210308;SC;8209
4210407;SC;7461
4210506;SC;26463
4210555;SC;1703
4210605;SC;17330
4210704;SC;2442
4210803;SC;6989
4210852;SC;2257
4210902;SC;4227
4211009;SC;12034
4211058;SC;9945
4211108;SC;8263
4211207;SC;18095
4211256;SC;2884
4211306;SC;85734
4211405;SC;5163
4211454;SC;4327
4211504;SC;15010
4211603;SC;15515
4211652;SC;2366
4211702;SC;23161
4211751;SC;19201
4211801;SC;7251
4211850;SC;2197
4211876;SC;1444
4211892;SC;2352
4211900;SC;178679
4212007;SC;7321
4212056;SC;2673
4212106;SC;16144
4212205;SC;19521
4212239;SC;3284
4212254;SC;9269
4212270;SC;4072
4212304;SC;7642
4212403;SC;3931
4212502;SC;34022
4212601;SC;2733
4212650;SC;10225
4212700;SC;5873
4212809;SC;24385
4212908;SC;21103
4213005;SC;3635
4213104;SC;3637
4213153;SC;2907
4213203;SC;34561
4213302;SC;4619
4213351;SC;3426
4213401;SC;11674
4213500;SC;22466
4213609;SC;35685
4213708;SC;17965
4213807;SC;7305
4213906;SC;1526
4214003;SC;17973
4214102;SC;2279
4214151;SC;2950
4214201;SC;9773
4214300;SC;2897
4214409;SC;6199
4214508;SC;5864
4214607;SC;7552
4214706;SC;11937
4214805;SC;72931
4214904;SC;4630
4215000;SC;42684
4215059;SC;2484
4215075;SC;4525
4215109;SC;11647
4215208;SC;4584
4215307;SC;7674
4215356;SC;3727
4215406;SC;4792
4215455;SC;13128
4215505;SC;17004
4215554;SC;2178
4215604;SC;2151
4215653;SC;8397
4215679;SC;8760
4215687;SC;2317
4215695;SC;1211
4215703;SC;23907
4215752;SC;2239
4215802;SC;86317
4215901;SC;2791
4216008;SC;11456
4216057;SC;5646
4216107;SC;9422
4216206;SC;54751
4216255;SC;6423
4216305;SC;39719
4216354;SC;3784
4216404;SC;7332
4216503;SC;27322
4216602;SC;253705
4216701;SC;13811
4216800;SC;8054
4216909;SC;24501
4217006;SC;13886
4217105;SC;3162
4217154;SC;1794
4217204;SC;41246
4217253;SC;6046
4217303;SC;9874
4217402;SC;22605
4217501;SC;17610
4217550;SC;3249
4217600;SC;14176
4217709;SC;31084
4217758;SC;2386
4217808;SC;18576
4217907;SC;8648
4217956;SC;1606
4218004;SC;39889
4218103;SC;5338
4218202;SC;45703
4218251;SC;8003
4218301;SC;19455
4218350;SC;4002
4218400;SC;7104
4218509;SC;8138
4218608;SC;7506
4218707;SC;107143
4218756;SC;4507
4218806;SC;13080
4218855;SC;2364
4218905;SC;11311
4218954;SC;2453
4219002;SC;21419
4219101;SC;3569
4219150;SC;2387
4219176;SC;4411
4219200;SC;6321
4219309;SC;54145
4219358;SC;4907
4219408;SC;4032
4219507;SC;52290
4219606;SC;3873
4219705;SC;29254
4219853;SC;3432
4220000;SC;13129
4300034;RS;4981
4300059;RS;3738
4300109;RS;16344
4300208;RS;6951
4300307;RS;5710
4300406;RS;72493
4300455;RS;3287
4300471;RS;1935
4300505;RS;5885
4300554;RS;1590
4300570;RS;3043
4300604;RS;212352
4300638;RS;7136
4300646;RS;7396
4300661;RS;1351
4300703;RS;5941
4300802;RS;13041
4300851;RS;3544
4300877;RS;5840
4300901;RS;6145
4301008;RS;21121
4301057;RS;10483
4301073;RS;2966
4301107;RS;14201
4301206;RS;13452
4301305;RS;18185
4301404;RS;10422
4301503;RS;6545
4301552;RS;3517
4301602;RS;121518
4301636;RS;14645
4301651;RS;6232
4301701;RS;6616
4301750;RS;7550
4301800;RS;5237
4301859;RS;3266
4301875;RS;4238
4301909;RS;13618
4301925;RS;1621
4301958;RS;2563
4302006;RS;11167
4302055;RS;1924
4302105;RS;123090
4302154;RS;2087
4302204;RS;6712
4302220;RS;2466
4302238;RS;2628
4302253;RS;2773
4302303;RS;11270
4302352;RS;14446
4302378;RS;1858
4302402;RS;12448
4302451;RS;7691
4302501;RS;6135
4302584;RS;2099
4302600;RS;3271
4302659;RS;5132
4302709;RS;20963
4302808;RS;33476
4302907;RS;12291
4303004;RS;81552
4303103;RS;132144
4303202;RS;5083
4303301;RS;4802
4303400;RS;4659
4303509;RS;66686
4303558;RS;2750
4303608;RS;6383
4303673;RS;3402
4303707;RS;5325
4303806;RS;5422
4303905;RS;69981
4304002;RS;4273
4304101;RS;3272
4304200;RS;31475
4304309;RS;6106
4304358;RS;9707
4304408;RS;45957
4304507;RS;56370
4304606;RS;349728
4304614;RS;1693
4304622;RS;1628
4304630;RS;55009
4304655;RS;3745
4304663;RS;25462
4304671;RS;4793
4304689;RS;12183
4304697;RS;2770
4304705;RS;62413
4304713;RS;8426
4304804;RS;30630
4304853;RS;1327
4304903;RS;9070
4304952;RS;3228
4305009;RS;8631
4305108;RS;523716
4305116;RS;2865
4305124;RS;6005
4305132;RS;4720
4305157;RS;2281
4305173;RS;12579
4305207;RS;14243
4305306;RS;9211
4305355;RS;41705
4305371;RS;3228
4305405;RS;3684
4305439;RS;6832
4305447;RS;5518
4305454;RS;16897
4305504;RS;4693
4305587;RS;2466
4305603;RS;3088
4305702;RS;6766
4305801;RS;9903
4305835;RS;1490
4305850;RS;2267
4305871;RS;2521
4305900;RS;7213
4305934;RS;1602
4305959;RS;3824
4305975;RS;2731
4306007;RS;13269
4306056;RS;8121
4306072;RS;2840
4306106;RS;59561
4306130;RS;1765
4306205;RS;12457
4306304;RS;4732
4306320;RS;2718
4306353;RS;2331
4306379;RS;2991
4306403;RS;33547
4306429;RS;1992
4306452;RS;3410
4306502;RS;15556
4306551;RS;2520
4306601;RS;38222
4306700;RS;2958
4306734;RS;4380
4306759;RS;1967
4306767;RS;42490
4306809;RS;23047
4306908;RS;26039
4306924;RS;932
4306932;RS;8350
4306957;RS;2724
4306973;RS;2978
4307005;RS;107368
4307054;RS;3171
4307104;RS;6807
4307203;RS;4780
4307302;RS;6697
4307401;RS;3291
4307450;RS;2846
4307500;RS;15594
4307559;RS;5924
4307609;RS;51292
4307708;RS;83352
4307807;RS;34669
4307815;RS;3646
4307831;RS;2310
4307864;RS;2750
4307906;RS;73758
4308003;RS;6651
4308052;RS;2256
4308078;RS;4680
4308102;RS;13728
4308201;RS;31352
4308250;RS;1709
4308300;RS;10181
4308409;RS;6569
4308433;RS;2389
4308458;RS;4252
4308508;RS;31675
4308607;RS;35794
4308656;RS;2851
4308706;RS;5447
4308805;RS;8339
4308854;RS;1619
4308904;RS;16158
4309001;RS;15729
4309050;RS;8304
4309100;RS;36864
4309126;RS;2036
4309159;RS;4378
4309209;RS;285564
4309258;RS;1478
4309308;RS;98331
4309407;RS;26199
4309506;RS;7393
4309555;RS;4967
4309571;RS;3019
4309605;RS;19446
4309654;RS;6894
4309704;RS;4712
4309753;RS;4393
4309803;RS;4690
4309902;RS;7267
4309951;RS;3988
4310009;RS;20474
4310108;RS;37754
4310207;RS;84041
4310306;RS;4054
4310330;RS;23721
4310363;RS;3103
4310405;RS;6054
4310413;RS;2207
4310439;RS;6736
4310462;RS;1871
4310504;RS;7046
4310538;RS;5573
4310553;RS;3456
4310579;RS;2037
4310603;RS;37363
4310652;RS;2377
4310702;RS;3143
4310751;RS;1854
4310801;RS;25068
4310850;RS;3738
4310876;RS;2718
4310900;RS;3532
4311007;RS;26327
4311106;RS;10684
4311122;RS;3611
4311130;RS;3472
4311155;RS;8571
4311205;RS;19159
4311239;RS;2939
4311254;RS;6469
4311270;RS;1604
4311304;RS;27751
4311403;RS;86005
4311429;RS;2569
4311502;RS;7410
4311601;RS;5087
4311627;RS;6193
4311643;RS;1724
4311700;RS;5411
4311718;RS;4539
4311734;RS;2965
4311759;RS;7315
4311775;RS;6747
4311791;RS;2713
4311809;RS;45523
4311908;RS;4239
4311981;RS;3892
4312005;RS;1987
4312054;RS;3981
4312104;RS;4760
4312138;RS;2543
4312153;RS;4627
4312179;RS;1611
4312203;RS;4254
4312252;RS;8130
4312302;RS;4899
4312351;RS;1430
4312377;RS;3237
4312385;RS;2514
4312401;RS;66157
4312427;RS;3139
4312443;RS;2891
4312450;RS;6609
4312476;RS;6570
4312500;RS;12888
4312609;RS;4967
4312617;RS;3184
4312625;RS;1901
4312658;RS;17886
4312674;RS;1667
4312708;RS;11574
4312757;RS;3698
4312807;RS;4890
4312906;RS;10089
4312955;RS;1731
4313003;RS;3345
4313011;RS;2677
4313037;RS;5465
4313060;RS;22147
4313086;RS;2563
4313102;RS;6519
4313201;RS;21717
4313300;RS;28021
4313334;RS;2195
4313359;RS;3743
4313375;RS;30482
4313391;RS;4246
4313409;RS;247303
4313425;RS;3191
4313441;RS;2189
4313466;RS;1705
4313490;RS;4185
4313508;RS;46815
4313607;RS;3731
4313656;RS;11342
4313706;RS;32967
4313805;RS;7056
4313904;RS;44583
4313953;RS;8995
4314001;RS;7793
4314027;RS;7635
4314035;RS;3885
4314050;RS;59419
4314068;RS;5790
4314076;RS;6612
4314100;RS;206103
4314134;RS;2303
4314159;RS;8541
4314175;RS;1928
4314209;RS;7683
4314308;RS;3840
4314407;RS;343826
4314423;RS;5780
4314456;RS;2581
4314464;RS;1896
4314472;RS;4309
4314498;RS;4926
4314506;RS;12122
4314548;RS;3068
4314555;RS;2205
4314605;RS;20743
4314704;RS;9957
4314753;RS;2105
4314779;RS;3898
4314787;RS;1501
4314803;RS;38081
4314902;RS;1492530
4315008;RS;4514
4315057;RS;2332
4315073;RS;1258
4315107;RS;10144
4315131;RS;1586
4315149;RS;2972
4315156;RS;6235
4315172;RS;1929
4315206;RS;3861
4315305;RS;22531
4315313;RS;1860
4315321;RS;2793
4315354;RS;3810
4315404;RS;11782
4315453;RS;2068
4315503;RS;15702
4315552;RS;2571
4315602;RS;212881
4315701;RS;38257
4315750;RS;4698
4315800;RS;11556
4315909;RS;5868
4315958;RS;2270
4316006;RS;21591
4316105;RS;10633
4316204;RS;5033
4316303;RS;6750
4316402;RS;39210
4316428;RS;2601
4316436;RS;2596
4316451;RS;12512
4316477;RS;2734
4316501;RS;7975
4316600;RS;16382
4316709;RS;7813
4316733;RS;1630
4316758;RS;6755
4316808;RS;132271
4316907;RS;285159
4316956;RS;6382
4316972;RS;2593
4317004;RS;8037
4317103;RS;75647
4317202;RS;73882
4317251;RS;1722
4317301;RS;29298
4317400;RS;49298
4317509;RS;77544
4317558;RS;2118
4317608;RS;43397
4317707;RS;9930
4317756;RS;2018
4317806;RS;13813
4317905;RS;14177
4317954;RS;2287
4318002;RS;59768
4318051;RS;3091
4318101;RS;18081
4318200;RS;21871
4318309;RS;62187
4318408;RS;24569
4318424;RS;4625
4318432;RS;2535
4318440;RS;2808
4318457;RS;2491
4318465;RS;1917
4318481;RS;4924
4318499;RS;2040
4318507;RS;27866
4318606;RS;6911
4318614;RS;2464
4318622;RS;3559
4318705;RS;240378
4318804;RS;43501
4318903;RS;33124
4319000;RS;21756
4319109;RS;5336
4319125;RS;3228
4319158;RS;7692
4319208;RS;5153
4319307;RS;5654
4319356;RS;3881
4319364;RS;2025
4319372;RS;2950
4319406;RS;16100
4319505;RS;26161
4319604;RS;23492
4319703;RS;3220
4319711;RS;2248
4319737;RS;2732
4319752;RS;2288
4319802;RS;8742
4319901;RS;80514
4320008;RS;142508
4320107;RS;25024
4320206;RS;10678
4320230;RS;2875
4320263;RS;7465
4320305;RS;5114
4320321;RS;2761
4320354;RS;5635
4320404;RS;18074
4320453;RS;1889
4320503;RS;5220
4320552;RS;6586
4320578;RS;1931
4320602;RS;3607
4320651;RS;2365
4320677;RS;10152
4320701;RS;15041
4320800;RS;31067
4320859;RS;4816
4320909;RS;24973
4321006;RS;10569
4321105;RS;17363
4321204;RS;57740
4321303;RS;26907
4321329;RS;3081
4321352;RS;5484
4321402;RS;13385
4321436;RS;11323
4321451;RS;34275
4321469;RS;3078
4321477;RS;5532
4321493;RS;2753
4321501;RS;39381
4321600;RS;53507
4321626;RS;2331
4321634;RS;2620
4321667;RS;11174
4321709;RS;28948
4321808;RS;23846
4321832;RS;2643
4321857;RS;4232
4321907;RS;23799
4321956;RS;5781
4322004;RS;30159
4322103;RS;5612
4322152;RS;4585
4322186;RS;1447
4322202;RS;24182
4322251;RS;5019
4322301;RS;7730
4322327;RS;3408
4322343;RS;1952
4322350;RS;1084
4322376;RS;2306
4322400;RS;126766
4322509;RS;66916
4322525;RS;3531
4322533;RS;11873
4322541;RS;6046
4322558;RS;2130
4322608;RS;72373
4322707;RS;27325
4322806;RS;26813
4322855;RS;1776
4322905;RS;4628
4323002;RS;257330
4323101;RS;4530
4323200;RS;2840
4323309;RS;3407
4323358;RS;2070
4323408;RS;4368
4323457;RS;4274
4323507;RS;2726
4323606;RS;1553
4323705;RS;2858
4323754;RS;3052
4323770;RS;3046
4323804;RS;17126
5000203;MS;16025
5000252;MS;5489
5000609;MS;40247
5000708;MS;25336
5000807;MS;9116
5000856;MS;11081
5000906;MS;9082
5001003;MS;26386
5001102;MS;48184
5001243;MS;12511
5001508;MS;7281
5001904;MS;23620
5002001;MS;11368
5002100;MS;24842
5002159;MS;7802
5002209;MS;22401
5002308;MS;11835
5002407;MS;31005
5002605;MS;13675
5002704;MS;916001
5002803;MS;6247
5002902;MS;22063
5002951;MS;26499
5003108;MS;6158
5003157;MS;15449
5003207;MS;112669
5003256;MS;21456
5003306;MS;33547
5003454;MS;13043
5003488;MS;11547
5003504;MS;6025
5003702;MS;227990
5003751;MS;12447
5003801;MS;19152
5003900;MS;3066
5004007;MS;9934
5004106;MS;9754
5004304;MS;16273
5004403;MS;7566
5004502;MS;25478
5004601;MS;21604
5004700;MS;23277
5004809;MS;9372
5004908;MS;7342
5005004;MS;26375
5005103;MS;4015
5005152;MS;6861
5005202;MS;24040
5005251;MS;7496
5005400;MS;48944
5005608;MS;28423
5005681;MS;18578
5005707;MS;56484
5005806;MS;13794
5006002;MS;22967
5006200;MS;56057
5006259;MS;3556
5006275;MS;5751
5006309;MS;42401
5006358;MS;14576
5006408;MS;7568
5006606;MS;95320
5006903;MS;17460
5007109;MS;25310
5007208;MS;38844
5007307;MS;4758
5007406;MS;20025
5007505;MS;5120
5007554;MS;7948
5007695;MS;27660
5007703;MS;10751
5007802;MS;6555
5007901;MS;60792
5007935;MS;20158
5007950;MS;11795
5007976;MS;3588
5008008;MS;22721
5008305;MS;125137
5008404;MS;6115
5100102;MT;5309
5100201;MT;26679
5100250;MT;52105
5100300;MT;19714
5100359;MT;7092
5100409;MT;12323
5100508;MT;11587
5100607;MT;11413
5100805;MT;10431
5101001;MT;3064
5101209;MT;909
5101258;MT;17078
5101308;MT;9399
5101407;MT;23067
5101605;MT;8165
5101704;MT;35642
5101803;MT;61702
5101852;MT;6830
5101902;MT;20571
5102504;MT;95339
5102603;MT;16223
5102637;MT;36917
5102678;MT;44033
5102686;MT;7245
5102694;MT;4711
5102702;MT;22101
5102793;MT;10094
5102850;MT;8782
5103007;MT;22521
5103056;MT;12338
5103106;MT;5716
5103205;MT;33855
5103254;MT;41117
5103304;MT;21249
5103353;MT;32076
5103361;MT;4163
5103379;MT;20717
5103403;MT;623614
5103437;MT;5267
5103452;MT;9626
5103502;MT;22311
5103601;MT;8087
5103700;MT;14847
5103809;MT;3411
5103858;MT;7913
5103908;MT;5726
5103957;MT;2990
5104104;MT;36439
5104203;MT;15740
5104500;MT;2806
5104526;MT;8182
5104542;MT;7030
5104559;MT;3609
5104609;MT;13727
5104807;MT;27696
5104906;MT;8420
5105002;MT;8377
5105101;MT;35275
5105150;MT;41190
5105176;MT;16811
5105200;MT;11124
5105234;MT;6246
5105259;MT;69671
5105309;MT;2036
5105507;MT;16412
5105580;MT;10107
5105606;MT;17017
5105622;MT;28135
5105903;MT;15332
5106000;MT;5858
5106109;MT;13093
5106158;MT;16052
5106174;MT;4013
5106182;MT;6861
5106190;MT;3755
5106208;MT;3656
5106216;MT;12876
5106224;MT;48222
5106232;MT;20820
5106240;MT;12492
5106257;MT;21695
5106265;MT;9545
5106273;MT;4069
5106281;MT;4837
5106299;MT;11291
5106307;MT;23250
5106315;MT;2769
5106372;MT;17547
5106422;MT;35695
5106455;MT;2637
5106505;MT;33386
5106653;MT;6972
5106703;MT;1525
5106752;MT;46105
5106778;MT;12849
5106802;MT;5344
5106828;MT;12176
5106851;MT;2794
5107008;MT;15936
5107040;MT;63876
5107065;MT;18386
5107107;MT;18788
5107156;MT;2754
5107180;MT;10450
5107198;MT;2439
5107206;MT;5147
5107248;MT;4600
5107263;MT;3164
5107297;MT;4102
5107305;MT;21351
5107354;MT;5646
5107404;MT;4823
5107578;MT;4069
5107602;MT;239613
5107701;MT;16999
5107743;MT;2700
5107750;MT;3226
5107768;MT;3602
5107776;MT;8547
5107792;MT;5459
5107800;MT;17188
5107859;MT;11934
5107875;MT;27485
5107883;MT;1705
5107909;MT;148960
5107925;MT;94941
5107941;MT;9357
5107958;MT;107631
5108006;MT;14380
5108055;MT;9284
5108105;MT;3761
5108204;MT;3487
5108303;MT;3455
5108352;MT;3124
5108402;MT;290383
5108501;MT;11731
5108600;MT;26946
5108808;MT;4407
5108857;MT;3332
5108907;MT;9056
5108956;MT;9375
5200050;GO;9158
5200100;GO;20873
5200134;GO;22710
5200159;GO;2515
5200175;GO;5843
5200209;GO;1809
5200258;GO;222850
5200308;GO;28360
5200506;GO;1976
5200555;GO;6796
5200605;GO;7751
5200803;GO;8749
5200829;GO;3875
5200852;GO;6220
5200902;GO;3011
5201108;GO;396526
5201207;GO;1171
5201306;GO;22113
5201405;GO;601844
5201454;GO;2474
5201504;GO;4266
5201603;GO;3450
5201702;GO;20410
5201801;GO;10680
5202155;GO;7795
5202353;GO;2462
5202502;GO;10340
5202601;GO;3000
5202809;GO;2401
5203104;GO;5418
5203203;GO;11643
5203302;GO;31004
5203401;GO;8912
5203500;GO;26069
5203559;GO;10120
5203575;GO;4579
5203609;GO;3812
5203807;GO;5815
5203906;GO;9515
5203939;GO;2464
5203962;GO;3272
5204003;GO;8098
5204102;GO;12843
5204201;GO;1336
5204250;GO;7997
5204300;GO;16525
5204409;GO;19304
5204508;GO;95183
5204557;GO;3900
5204607;GO;3662
5204656;GO;3628
5204706;GO;12880
5204805;GO;7884
5204854;GO;8087
5204904;GO;20124
5204953;GO;1526
5205000;GO;10299
5205059;GO;3380
5205109;GO;113091
5205208;GO;5132
5205307;GO;9740
5205406;GO;22407
5205455;GO;8794
5205471;GO;10797
5205497;GO;74370
5205513;GO;20771
5205521;GO;3339
5205703;GO;2254
5205802;GO;11223
5205901;GO;10012
5206206;GO;61385
5206305;GO;2962
5206404;GO;17136
5206503;GO;3458
5206602;GO;2820
5206701;GO;3302
5206800;GO;2944
5206909;GO;2094
5207105;GO;2477
5207253;GO;7174
5207352;GO;3678
5207402;GO;12559
5207501;GO;3253
5207535;GO;6527
5207600;GO;5471
5207808;GO;13604
5207907;GO;17415
5208004;GO;125705
5208103;GO;4098
5208152;GO;3923
5208301;GO;4701
5208400;GO;11217
5208509;GO;5650
5208608;GO;72045
5208707;GO;1555626
5208806;GO;46278
5208905;GO;22122
5209101;GO;34307
5209150;GO;6076
5209200;GO;14206
5209291;GO;1905
5209408;GO;3801
5209457;GO;1681
5209606;GO;3742
5209705;GO;22533
5209804;GO;3450
5209903;GO;14215
5209937;GO;6275
5209952;GO;15962
5210000;GO;53655
5210109;GO;27365
5210158;GO;2892
5210208;GO;31471
5210307;GO;2772
5210406;GO;44329
5210562;GO;4684
5210604;GO;5184
5210802;GO;4412
5210901;GO;23850
5211008;GO;4380
5211206;GO;25597
5211305;GO;7337
5211404;GO;8968
5211503;GO;106845
5211602;GO;2295
5211701;GO;6001
5211800;GO;52160
5211909;GO;103221
5212006;GO;2843
5212055;GO;2497
5212105;GO;7417
5212204;GO;18266
5212253;GO;1652
5212303;GO;7663
5212501;GO;214645
5212600;GO;2358
5212709;GO;9277
5212808;GO;9234
5212907;GO;2263
5212956;GO;4321
5213004;GO;14568
5213053;GO;2575
5213087;GO;28518
5213103;GO;69477
5213400;GO;1471
5213509;GO;8759
5213707;GO;8037
5213756;GO;13935
5213772;GO;4538
5213806;GO;46955
5213855;GO;2217
5213905;GO;4120
5214002;GO;16077
5214051;GO;4540
5214101;GO;3749
5214408;GO;9375
5214507;GO;30931
5214606;GO;47064
5214705;GO;2362
5214804;GO;2236
5214838;GO;13020
5214861;GO;8063
5214879;GO;2939
5214903;GO;3208
5215009;GO;10193
5215207;GO;2775
5215231;GO;119649
5215256;GO;4592
5215306;GO;15834
5215405;GO;3679
5215504;GO;6895
5215603;GO;35011
5215652;GO;3470
5215702;GO;29915
5215801;GO;2382
5215900;GO;3578
5216007;GO;2590
5216304;GO;10221
5216403;GO;10988
5216452;GO;3156
5216809;GO;10240
5216908;GO;2135
5217104;GO;24543
5217203;GO;10161
5217302;GO;25218
5217401;GO;31909
5217609;GO;91345
5217708;GO;17899
5218003;GO;45866
5218052;GO;3979
5218102;GO;4032
5218300;GO;37924
5218391;GO;3211
5218508;GO;51323
5218607;GO;10961
5218706;GO;4832
5218789;GO;4728
5218805;GO;247259
5218904;GO;20012
5219001;GO;7630
5219100;GO;6701
5219209;GO;2782
5219258;GO;5585
5219308;GO;38962
5219357;GO;3821
5219407;GO;9110
5219456;GO;3367
5219506;GO;2200
5219605;GO;3207
5219704;GO;8386
5219712;GO;4886
5219738;GO;6593
5219753;GO;76871
5219803;GO;13305
5219902;GO;6265
5220009;GO;14423
5220058;GO;1312
5220108;GO;34488
5220157;GO;5263
5220207;GO;21849
5220264;GO;4105
5220280;GO;2040
5220405;GO;21318
5220454;GO;121447
5220504;GO;8737
5220603;GO;20938
5220686;GO;6895
5220702;GO;3040
5221007;GO;3506
5221080;GO;3538
5221197;GO;8326
5221304;GO;2830
5221403;GO;132006
5221452;GO;3497
5221502;GO;4526
5221551;GO;5447
5221577;GO;2829
5221601;GO;41150
5221700;GO;13795
5221809;GO;3056
5221858;GO;175720
5221908;GO;3848
5222005;GO;14088
5222054;GO;9002
5222203;GO;6451
5222302;GO;5941
5300108;DF;3094325
